<?xml version="1.0" encoding="UTF-8"?>
<!--
 This is a WordPress eXtended RSS file generated by WordPress as an export of your site.
 It contains information about your site's posts, pages, comments, categories, and other content.
 You may use this file to transfer that content from one site to another.
 This file is not intended to serve as a complete backup of your site.

 To import this information into a WordPress site follow these steps:
 1. Log in to that site as an administrator.
 2. Go to Tools: Import in the WordPress admin panel.
 3. Install the "WordPress" importer from the list.
 4. Activate & Run Importer.
 5. Upload this file using the form provided on that page.
 6. You will first be asked to map the authors in this export file to users
    on the site. For each author, you may choose to map to an
    existing user on the site or to create a new user.
 7. WordPress will then import each of the posts, pages, comments, categories, etc.
    contained in this file into your site.
-->
<!-- generator="WordPress.com" created="2021-11-02 06:06"-->
<rss version="2.0" xmlns:excerpt="http://wordpress.org/export/1.2/excerpt/" xmlns:content="http://purl.org/rss/1.0/modules/content/" xmlns:wfw="http://wellformedweb.org/CommentAPI/" xmlns:dc="http://purl.org/dc/elements/1.1/" xmlns:wp="http://wordpress.org/export/1.2/">
  <channel>
<title>Aarush Homeopathy</title>
<link>https://arushhomeopathy.wordpress.com</link>
<description>#WolrldofHomeopathy</description>
<pubDate>Tue, 02 Nov 2021 06:06:21 +0000</pubDate>
<language>en</language>
<wp:wxr_version>1.2</wp:wxr_version>
<wp:base_site_url>http://wordpress.com/</wp:base_site_url>
<wp:base_blog_url>https://arushhomeopathy.wordpress.com</wp:base_blog_url>
<wp:author>
  <wp:author_id>142720348</wp:author_id>
  <wp:author_login>iamsanketshubh</wp:author_login>
  <wp:author_email>sanketshubh1998@gmail.com</wp:author_email>
  <wp:author_display_name><![CDATA[Sanket Shubh]]></wp:author_display_name>
  <wp:author_first_name><![CDATA[Sanket]]></wp:author_first_name>
  <wp:author_last_name><![CDATA[Shubh]]></wp:author_last_name>
</wp:author>
<wp:category>
  <wp:term_id>1</wp:term_id>
  <wp:category_nicename>uncategorized</wp:category_nicename>
  <wp:category_parent/>
  <wp:cat_name><![CDATA[Uncategorized]]></wp:cat_name>
</wp:category>
<wp:term>
  <wp:term_id>1359</wp:term_id>
  <wp:term_taxonomy>nav_menu</wp:term_taxonomy>
  <wp:term_slug>menu-1</wp:term_slug>
  <wp:term_name><![CDATA[Menu 1]]></wp:term_name>
</wp:term>
<wp:term>
  <wp:term_id>1358</wp:term_id>
  <wp:term_taxonomy>nav_menu</wp:term_taxonomy>
  <wp:term_slug>social-links</wp:term_slug>
  <wp:term_name><![CDATA[Social Links]]></wp:term_name>
</wp:term>
<generator>http://wordpress.com/</generator>

<image>
	<url>https://arushhomeopathy.files.wordpress.com/2021/01/wp-1610131328991.jpg?w=32</url>
	<title>Aarush Homeopathy</title>
	<link>https://arushhomeopathy.wordpress.com</link>
	<width>32</width>
	<height>32</height>
</image> 
<item>
  <title>Contact</title>
  <link>https://arushhomeopathy.wordpress.com/contact/</link>
  <pubDate>Fri, 08 Jan 2021 18:35:53 +0000</pubDate>
  <dc:creator>iamsanketshubh</dc:creator>
  <guid isPermaLink="false">https://arushhomeopathy.wordpress.com/?page_id=2</guid>
  <description/>
  <content:encoded><![CDATA[<!-- wp:paragraph -->
<p>Let's talk 👋 Don't hesitate to reach out with the contact information below.</p>
<!-- /wp:paragraph -->

<!-- wp:spacer {"height":24} -->
<div style="height:24px;" aria-hidden="true" class="wp-block-spacer"></div>
<!-- /wp:spacer -->

<!-- wp:heading -->
<h2>Get in Touch</h2>
<!-- /wp:heading -->

<!-- wp:paragraph -->
<p>Bhilai</p>
<!-- /wp:paragraph -->

<!-- wp:paragraph -->
<p>Chattisgarh</p>
<!-- /wp:paragraph -->

<!-- wp:paragraph -->
<p>India</p>
<!-- /wp:paragraph -->

<!-- wp:paragraph -->
<p>shubhthisside@gmail.com</p>
<!-- /wp:paragraph -->

<!-- wp:paragraph -->
<p>+917979905200</p>
<!-- /wp:paragraph -->]]></content:encoded>
  <excerpt:encoded><![CDATA[]]></excerpt:encoded>
  <wp:post_id>2</wp:post_id>
  <wp:post_date>2021-01-08 18:35:53</wp:post_date>
  <wp:post_date_gmt>2021-01-08 18:35:53</wp:post_date_gmt>
  <wp:post_modified>2021-10-20 04:54:35</wp:post_modified>
  <wp:post_modified_gmt>2021-10-20 04:54:35</wp:post_modified_gmt>
  <wp:comment_status>closed</wp:comment_status>
  <wp:ping_status>closed</wp:ping_status>
  <wp:post_name>contact</wp:post_name>
  <wp:status>publish</wp:status>
  <wp:post_parent>0</wp:post_parent>
  <wp:menu_order>0</wp:menu_order>
  <wp:post_type>page</wp:post_type>
  <wp:post_password/>
  <wp:is_sticky>0</wp:is_sticky>
  <wp:postmeta>
    <wp:meta_key>sharing_disabled</wp:meta_key>
    <wp:meta_value><![CDATA[a:1:{i:0;N;}]]></wp:meta_value>
  </wp:postmeta>
  <wp:postmeta>
    <wp:meta_key>switch_like_status</wp:meta_key>
    <wp:meta_value><![CDATA[a:1:{i:0;N;}]]></wp:meta_value>
  </wp:postmeta>
  <wp:postmeta>
    <wp:meta_key>_starter_page_template</wp:meta_key>
    <wp:meta_value><![CDATA[]]></wp:meta_value>
  </wp:postmeta>
  <wp:postmeta>
    <wp:meta_key>_publicize_pending</wp:meta_key>
    <wp:meta_value><![CDATA[1]]></wp:meta_value>
  </wp:postmeta>
  <wp:postmeta>
    <wp:meta_key>_checklist_post_type</wp:meta_key>
    <wp:meta_value><![CDATA[_hs_extra]]></wp:meta_value>
  </wp:postmeta>
</item>
<item>
  <title>About</title>
  <link>https://arushhomeopathy.wordpress.com/about/</link>
  <pubDate>Fri, 08 Jan 2021 18:35:52 +0000</pubDate>
  <dc:creator>iamsanketshubh</dc:creator>
  <guid isPermaLink="false">https://arushhomeopathy.wordpress.com/?page_id=3</guid>
  <description/>
  <content:encoded><![CDATA[<blockquote style="text-align:center;"><h4 style="text-align:center;">100+ AILMENTS TREATED</h4></blockquote><p></p><hr /><blockquote style="text-align:center;"><h4 style="text-align:center;">1.Hair Loss 2.Skin Disorders 3.PCOS 4.Migraine 5.Thyroid Disorder 6.Psoriasis 7.Vitiligo 8.Depression 9.Respiratory Ailments 10.Child Health 11.Sexual Health 12.Women Health</h4></blockquote><br><!-- wp:paragraph --><strong>HAIR</strong> <!-- /wp:paragraph --><!-- wp:paragraph -->Symptoms of male pattern hair loss <!-- /wp:paragraph --><!-- wp:paragraph -->The most common symptoms of male pattern hair loss are as follows: <!-- /wp:paragraph --><!-- wp:paragraph -->Excessive loss of hair Receding hairline resembling the shape of an ‘M’ Overall thinning of hair Reduction in the density of hair Bald patch on top of the scalp Partial baldness Complete baldness at a later stage <!-- /wp:paragraph --><!-- wp:paragraph -->Triggering factors of male pattern hair loss <!-- /wp:paragraph --><!-- wp:paragraph -->Genetics Hormonal changes (thyroid) Stress Change of water Dandruff Poor hair management (not using the right kind of shampoo and oil) Cosmetic treatment (straightening, coloring etc.) <!-- /wp:paragraph --><!-- wp:paragraph -->Why seek homeopathy treatment? <!-- /wp:paragraph --><!-- wp:paragraph -->Homeopathy is a mind-body medicine. It treats the physical complaints as well as the psychological effects to gently restore mind-body equilibrium. It treats the patient as a whole. This makes homeopathy an exceptional men’s hair fall solution. Homeopathy remedies are carefully chosen and tailored for each patient. It effectively treats the primary cause of male pattern hair loss. It has zero side-effects. It’s easier to consume when compared to bitter-tasting medicines. There are no painful procedures in homeopathy. <!-- /wp:paragraph --><!-- wp:paragraph --><strong>SKIN</strong> <!-- /wp:paragraph --><!-- wp:paragraph -->A good skincare routine is important so as to keep your skin healthy. But it can only be beneficial if you’re doing it right.There are a number of reasons why your go-to skincare routine can stop working, ranging from minor tweaks in your routine to the introduction of new products. But when your products fail to flatter you, the best solution is to look carefully through your regime to figure out the possible cause. <!-- /wp:paragraph --><!-- wp:paragraph -->What happens when skincare routine goes wrong? <!-- /wp:paragraph --><!-- wp:paragraph -->Poor quality skincare products are more likely to cause ineffective results, infections or even allergic reactions such as rashes, worsening problems by clogging pores, causing breakouts, etc. <!-- /wp:paragraph --><!-- wp:paragraph -->Even the skincare products with ace quality can harm you unknowingly due to the presence of certain chemicals which you may be allergic to. When your skin comes in contact with this disguised allergen, it may cause blisters, itchiness, redness and even swelling. <!-- /wp:paragraph --><!-- wp:paragraph -->How homeopathy effectively and safely treats skin problems? <!-- /wp:paragraph --><!-- wp:paragraph -->Every person’s skin has a different texture and type. Are you looking for a safe and effective treatment which is specially customized for you? Then think of healing skin disorders with homeopathy which is a holistic therapy that treats both the cause and effect. Homeopathic treatment for skin will give you long-lasting outcomes and substantial results for all your skin problems. <!-- /wp:paragraph --><!-- wp:paragraph --><strong>SKIN</strong> <!-- /wp:paragraph --><!-- wp:paragraph -->Acne affects 85% of adolescents and often continues into adulthood. (Source: Wiley Online Library) It can have profound psychological and physical effects on adolescents. This impacts the social and psychological functioning. <!-- /wp:paragraph --><!-- wp:paragraph -->The more severe the acne, the greater the effect will be on the quality of life and the greater the impact on the self‐esteem and body image. In extreme cases, the impact of acne leads to serious consequences like major depression and suicide. <!-- /wp:paragraph --><!-- wp:paragraph -->A study showed that teenagers with acne were perceived as being: <!-- /wp:paragraph --><!-- wp:paragraph -->Shy Nerdy Stressed Lonely Boring Unkempt Unhealthy Introverted Rebellious <!-- /wp:paragraph --><!-- wp:paragraph -->(Source: Wiley Online Library) <!-- /wp:paragraph --><!-- wp:paragraph -->Acne can impact your social life. Many teenagers express that this has an effect on their social behavior. It affects the way they present themselves to the world. It can lead to withdrawal from social activities, concerns about forming relationships and fear or experiences of prejudice and bullying. Their relationships with their family and parents might also be affected. This is because parents worry about the impact acne will have on their child. And they might also lack knowledge about the causes and treatment of acne. This may delay or prevent the teenager from seeking medical intervention. <!-- /wp:paragraph --><!-- wp:paragraph -->Patients with acne feel self‐conscious about recurrent and ongoing spots, redness and scarring. They describe feelings of embarrassment, low confidence, depression, sadness, anxiety, anger, frustration and despair. This is true if they have tried many treatments and are not happy with the results. <!-- /wp:paragraph --><!-- wp:paragraph --><strong><u>DOS &amp; DON'TS OF HOMEOPATHY</u></strong> <!-- /wp:paragraph --><!-- wp:image {"id":52,"sizeSlug":"large"} --><img class="wp-image-52" src="https://arushhomeopathy.files.wordpress.com/2021/01/shutterstock_1482493604702842191515539888.jpg?w=768" alt="" /> <!-- /wp:image --><!-- wp:paragraph -->It was the German physician Dr. Samuel Hahnemann who turned homeopathy into the science of healing. Homeopathy is grounded on the principle of ‘Law of Similars’. This means any substance that produces symptoms in a healthy person can cure similar symptoms in a person who is unwell. <!-- /wp:paragraph --><!-- wp:paragraph -->Here’s a quick list for you to check out on some guidelines while taking homeopathy treatment. <!-- /wp:paragraph --><!-- wp:paragraph -->Avoid exposing homeopathic medicine to direct sunlight, magnets or strong perfumed odors like camphor, paint and chemicals. Avoid self-medication. After a detailed evaluation of your case history, an expert homeopath will prescribe you medicines. Avoid touching the homeopathic medicine with your hands. Use a clean spoon and place it under your tongue to avoid infecting it. Before taking your homeopathy medicine, wait at least five minutes after eating or drinking as strong odors or tastes might affect the remedy. When traveling with homeopathic medicines take them as cabin luggage and hand them to the attendant when it goes through the x-ray machine. Inform your homeopath before taking any new medications. <!-- /wp:paragraph --><!-- wp:paragraph -->What to avoid while under homeopathic treatment? <!-- /wp:paragraph --><!-- wp:paragraph -->Many homeopathy practitioners give their patients a list of substances to avoid. Let’s have a look at some of those. <!-- /wp:paragraph --><!-- wp:paragraph -->Coffee <!-- /wp:paragraph --><!-- wp:paragraph -->This most often interferes with homeopathic treatment. Even one sip of coffee or a small amount of coffee ice cream or coffee candy might disturb the treatment. Other caffeinated substances do not usually interfere with homeopathic treatment. <!-- /wp:paragraph --><!-- wp:paragraph -->Perfumed ingredients <!-- /wp:paragraph --><!-- wp:paragraph -->Avoid eucalyptus and any products that contain them. Aromatherapy oils and mouthwashes containing menthol and other aromatic compounds are also included. Perfumed herbal mosquito repellants, all tea tree products, peppermint oil and lavender oil might interfere due to their aromaticity. Chapstick and other perfumed lip balms should also be avoided. Strong fumes from oil-based paint, turpentine, paint thinner and certain household cleaning agents may also interfere, depending on individual sensitivity. <!-- /wp:paragraph --><br><!-- wp:paragraph --><strong><u>EVERYTHING YOU SHOULD KNOW ABOUT HOMEOPATHIC TREATMENT AND HOMEOPATHIC MEDICINES </u></strong><!-- /wp:paragraph --><!-- wp:image {"id":50,"sizeSlug":"large"} --><img class="wp-image-50" src="https://arushhomeopathy.files.wordpress.com/2021/01/shutterstock_6701866932656724474611134231.jpg?w=360" alt="" /> <!-- /wp:image --><!-- wp:paragraph -->Scepticism around any topic can be dangerous especially when your health and treatment alternatives are concerned. Staying informed is the most responsible step you can take towards a healthy life. If you plan on fighting an inevitable battle against any disease, you’ll instinctively educate yourself about it thoroughly. But, it’s equally important to know about the form of treatment you use to battle the disease. So, here’s everything you need to know about homeopathy. <!-- /wp:paragraph --><!-- wp:paragraph -->What’s the scope of homeopathic treatment? <!-- /wp:paragraph --><!-- wp:paragraph -->Homeopathy has a wider approach when it comes to dealing with various types of chronic and acute illnesses. Homeopathy prides itself on treating illnesses which have a recurrent nature when treated with conventional medicines. Homeopathy treats the physical, emotional and psychological symptoms of the person. <!-- /wp:paragraph --><!-- wp:paragraph -->Homeopathy can treat acute illnesses from headaches, coughs, nausea, cold to chronic illnesses like bronchitis and asthma as well. Other chronic illnesses which can be treated under the wide umbrella of homeopathic treatments include low immunity, allergies, Upper Respiratory Tract (URTI), Hair loss, Bald Patches, dandruff, Acne, Atopic Dermatitis, Polycystic Ovarian Syndrome (PCOS), Depression, Attention Deficit Hyperactivity Disorder (ADHD) and fertility as well. <!-- /wp:paragraph -->]]></content:encoded>
  <excerpt:encoded><![CDATA[]]></excerpt:encoded>
  <wp:post_id>3</wp:post_id>
  <wp:post_date>2021-01-08 18:35:52</wp:post_date>
  <wp:post_date_gmt>2021-01-08 18:35:52</wp:post_date_gmt>
  <wp:post_modified>2021-01-08 20:05:15</wp:post_modified>
  <wp:post_modified_gmt>2021-01-08 20:05:15</wp:post_modified_gmt>
  <wp:comment_status>closed</wp:comment_status>
  <wp:ping_status>closed</wp:ping_status>
  <wp:post_name>about</wp:post_name>
  <wp:status>publish</wp:status>
  <wp:post_parent>0</wp:post_parent>
  <wp:menu_order>0</wp:menu_order>
  <wp:post_type>page</wp:post_type>
  <wp:post_password/>
  <wp:is_sticky>0</wp:is_sticky>
  <wp:postmeta>
    <wp:meta_key>sharing_disabled</wp:meta_key>
    <wp:meta_value><![CDATA[a:1:{i:0;N;}]]></wp:meta_value>
  </wp:postmeta>
  <wp:postmeta>
    <wp:meta_key>switch_like_status</wp:meta_key>
    <wp:meta_value><![CDATA[a:1:{i:0;N;}]]></wp:meta_value>
  </wp:postmeta>
  <wp:postmeta>
    <wp:meta_key>_starter_page_template</wp:meta_key>
    <wp:meta_value><![CDATA[]]></wp:meta_value>
  </wp:postmeta>
  <wp:postmeta>
    <wp:meta_key>_publicize_pending</wp:meta_key>
    <wp:meta_value><![CDATA[1]]></wp:meta_value>
  </wp:postmeta>
  <wp:postmeta>
    <wp:meta_key>_checklist_post_type</wp:meta_key>
    <wp:meta_value><![CDATA[_hs_extra]]></wp:meta_value>
  </wp:postmeta>
</item>
<item>
  <title>Home</title>
  <link>https://arushhomeopathy.wordpress.com/</link>
  <pubDate>Fri, 08 Jan 2021 19:28:32 +0000</pubDate>
  <dc:creator>iamsanketshubh</dc:creator>
  <guid isPermaLink="false">https://arushhomeopathy.wordpress.com/?page_id=4</guid>
  <description/>
  <content:encoded><![CDATA[<img class="wp-image-45 alignnone size-full" src="https://arushhomeopathy.files.wordpress.com/2021/01/images7503276737588505098.jpeg" width="640" height="480">


Homeopathy - Treatment
Homeopathy is known for its safe and gentle ways of treatment. People across the world prefer homeopathy over conventional medicine, as it has no side-effects, and is non-toxic and non-addictive. Homeopathic medicine acts by stimulating your body’s natural healing power through your immune system and nerves. It is known to cure various types of chronic and acute ailments. It is suitable for all age groups, from infants to the elderly. All homeopathic medicines are safe, provided they are taken under supervision of our homeopathic doctor. Furthermore, homeopathic remedies are not known to interfere with conventional medicine or any other medicine. In fact, they play a complementary role. You can safely take homeopathic medicine along with your medicine for blood pressure, thyroid, heart problems, diabetes, etc.
The efficacy of homeopathic medicines has been proven through several double blind clinical trials in treating several diseases.
There are over 600 published research studies, 180 controlled and 120 randomised trials that demonstrate the effectiveness of homeopathy. Some of the study results proving the efficiency of homeopathic medicines on major ailments have been discussed below:
A study on the homeopathic medicine Lycopodium 30C showed its benefits on high blood pressure, cardiovascular ailments, improving memory, reducing inflammation and providing over 60% protection against alcohol-induced gastric ulcer.
The homeopathic remedy Rhustox 200 has been found to work effectively for relief from pain and stiff joints in rheumatoid arthritis.
58% patients suffering from major depression, social phobia or panic disorder responded favourably to individualistically prescribed homeopathic remedies.
63% patients on homeopathy had increased sleep time, reduced interruptions during sleep, and reduced nervousness without any side-effects.
82% people treated with homeopathy experienced good relief from allergic symptoms as compared to 67% people who experienced relief with conventional medicine.
A study of 118 eczema patients published in Complementary Therapies in Medicine reported that homeopathy was as effective as standard conventional treatments in the short-term and more effective than them in the longer-term.
Furthermore, there are millions of case studies that demonstrate the positive benefits of homeopathy.


At <strong>Arush Homeopathy</strong>, we specialise in providing homeopathic treatment for the ailments listed below:
1. Acne
2. Allergic Rhinitis
3. Allergies
4. Alopecia Areata
5. Ankylosing Spondylitis
6. Asthma
7. Attention Deficit Hyperactivity Disorder (ADHD)
8. Autism
9. Backache
10. Bone Health
11. Bronchitis
12. Childhood Obesity
13. Cholecystitis (Gallstones)
14. Constipation
15. Dandruff (Dermatitis)
16. Depression
17. Diabetes
18. Eczema
19. Female Pattern Baldness (FPB)
20. Female Sexual Dysfunction
21. Hair Loss
22. Hyperthyroidism
23. Hypothyroidism
24. Infertility
25. Irritable Bowel Syndrome (IBS)
26. Leucorrhoea
27. Lichen Planus
28. Male Infertility
29. Male Pattern Baldness (MPB)
30. Menopause
31. Migraine
32. Osteoarthritis
33. Polycystic Ovarian Syndrome (PCOS)
34. Poor Weight Gain
35. Piles
36. Premenstrual Syndrome (PMS)
37. Psoriasis
38. Scalp Psoriasis
39. Rheumatoid Arthritis
40. Tonsillitis
41. Trichotillomania
42. Urinary Incontinence
43. Urinary Tract Infections
44. Upper Respiratory Tract Infection (URTI)
45. Vitiligo
46. Warts]]></content:encoded>
  <excerpt:encoded><![CDATA[]]></excerpt:encoded>
  <wp:post_id>4</wp:post_id>
  <wp:post_date>2021-01-08 19:28:32</wp:post_date>
  <wp:post_date_gmt>2021-01-08 19:28:32</wp:post_date_gmt>
  <wp:post_modified>2021-01-08 19:28:34</wp:post_modified>
  <wp:post_modified_gmt>2021-01-08 19:28:34</wp:post_modified_gmt>
  <wp:comment_status>closed</wp:comment_status>
  <wp:ping_status>closed</wp:ping_status>
  <wp:post_name>home</wp:post_name>
  <wp:status>publish</wp:status>
  <wp:post_parent>35</wp:post_parent>
  <wp:menu_order>0</wp:menu_order>
  <wp:post_type>page</wp:post_type>
  <wp:post_password/>
  <wp:is_sticky>0</wp:is_sticky>
  <wp:postmeta>
    <wp:meta_key>sharing_disabled</wp:meta_key>
    <wp:meta_value><![CDATA[a:1:{i:0;N;}]]></wp:meta_value>
  </wp:postmeta>
  <wp:postmeta>
    <wp:meta_key>switch_like_status</wp:meta_key>
    <wp:meta_value><![CDATA[a:1:{i:0;N;}]]></wp:meta_value>
  </wp:postmeta>
  <wp:postmeta>
    <wp:meta_key>_starter_page_template</wp:meta_key>
    <wp:meta_value><![CDATA[blank]]></wp:meta_value>
  </wp:postmeta>
  <wp:postmeta>
    <wp:meta_key>_publicize_pending</wp:meta_key>
    <wp:meta_value><![CDATA[1]]></wp:meta_value>
  </wp:postmeta>
  <wp:postmeta>
    <wp:meta_key>_last_editor_used_jetpack</wp:meta_key>
    <wp:meta_value><![CDATA[block-editor]]></wp:meta_value>
  </wp:postmeta>
  <wp:postmeta>
    <wp:meta_key>_rest_api_published</wp:meta_key>
    <wp:meta_value><![CDATA[1]]></wp:meta_value>
  </wp:postmeta>
  <wp:postmeta>
    <wp:meta_key>_rest_api_client_id</wp:meta_key>
    <wp:meta_value><![CDATA[2697]]></wp:meta_value>
  </wp:postmeta>
</item>
<item>
  <title>Facebook</title>
  <link>https://arushhomeopathy.wordpress.com/2021/01/08/facebook/</link>
  <pubDate>Fri, 08 Jan 2021 18:40:54 +0000</pubDate>
  <dc:creator>iamsanketshubh</dc:creator>
  <guid isPermaLink="false">https://arushhomeopathy.wordpress.com/2021/01/08/facebook/</guid>
  <description/>
  <content:encoded><![CDATA[]]></content:encoded>
  <excerpt:encoded><![CDATA[]]></excerpt:encoded>
  <wp:post_id>11</wp:post_id>
  <wp:post_date>2021-01-08 18:40:54</wp:post_date>
  <wp:post_date_gmt>2021-01-08 18:40:54</wp:post_date_gmt>
  <wp:post_modified>2021-01-08 18:40:54</wp:post_modified>
  <wp:post_modified_gmt>2021-01-08 18:40:54</wp:post_modified_gmt>
  <wp:comment_status>closed</wp:comment_status>
  <wp:ping_status>closed</wp:ping_status>
  <wp:post_name>facebook</wp:post_name>
  <wp:status>publish</wp:status>
  <wp:post_parent>0</wp:post_parent>
  <wp:menu_order>1</wp:menu_order>
  <wp:post_type>nav_menu_item</wp:post_type>
  <wp:post_password/>
  <wp:is_sticky>0</wp:is_sticky>
  <category domain="nav_menu" nicename="social-links"><![CDATA[Social Links]]></category>
  <wp:postmeta>
    <wp:meta_key>_publicize_pending</wp:meta_key>
    <wp:meta_value><![CDATA[1]]></wp:meta_value>
  </wp:postmeta>
  <wp:postmeta>
    <wp:meta_key>_menu_item_type</wp:meta_key>
    <wp:meta_value><![CDATA[custom]]></wp:meta_value>
  </wp:postmeta>
  <wp:postmeta>
    <wp:meta_key>_menu_item_menu_item_parent</wp:meta_key>
    <wp:meta_value><![CDATA[0]]></wp:meta_value>
  </wp:postmeta>
  <wp:postmeta>
    <wp:meta_key>_menu_item_object_id</wp:meta_key>
    <wp:meta_value><![CDATA[11]]></wp:meta_value>
  </wp:postmeta>
  <wp:postmeta>
    <wp:meta_key>_menu_item_object</wp:meta_key>
    <wp:meta_value><![CDATA[custom]]></wp:meta_value>
  </wp:postmeta>
  <wp:postmeta>
    <wp:meta_key>_menu_item_target</wp:meta_key>
    <wp:meta_value><![CDATA[]]></wp:meta_value>
  </wp:postmeta>
  <wp:postmeta>
    <wp:meta_key>_menu_item_classes</wp:meta_key>
    <wp:meta_value><![CDATA[a:1:{i:0;s:0:"";}]]></wp:meta_value>
  </wp:postmeta>
  <wp:postmeta>
    <wp:meta_key>_menu_item_xfn</wp:meta_key>
    <wp:meta_value><![CDATA[]]></wp:meta_value>
  </wp:postmeta>
  <wp:postmeta>
    <wp:meta_key>_menu_item_url</wp:meta_key>
    <wp:meta_value><![CDATA[https://www.facebook.com/]]></wp:meta_value>
  </wp:postmeta>
  <wp:postmeta>
    <wp:meta_key>_menu_item_content</wp:meta_key>
    <wp:meta_value><![CDATA[]]></wp:meta_value>
  </wp:postmeta>
</item>
<item>
  <title>Twitter</title>
  <link>https://arushhomeopathy.wordpress.com/2021/01/08/twitter/</link>
  <pubDate>Fri, 08 Jan 2021 18:40:54 +0000</pubDate>
  <dc:creator>iamsanketshubh</dc:creator>
  <guid isPermaLink="false">https://arushhomeopathy.wordpress.com/2021/01/08/twitter/</guid>
  <description/>
  <content:encoded><![CDATA[]]></content:encoded>
  <excerpt:encoded><![CDATA[]]></excerpt:encoded>
  <wp:post_id>12</wp:post_id>
  <wp:post_date>2021-01-08 18:40:54</wp:post_date>
  <wp:post_date_gmt>2021-01-08 18:40:54</wp:post_date_gmt>
  <wp:post_modified>2021-01-08 18:40:54</wp:post_modified>
  <wp:post_modified_gmt>2021-01-08 18:40:54</wp:post_modified_gmt>
  <wp:comment_status>closed</wp:comment_status>
  <wp:ping_status>closed</wp:ping_status>
  <wp:post_name>twitter</wp:post_name>
  <wp:status>publish</wp:status>
  <wp:post_parent>0</wp:post_parent>
  <wp:menu_order>2</wp:menu_order>
  <wp:post_type>nav_menu_item</wp:post_type>
  <wp:post_password/>
  <wp:is_sticky>0</wp:is_sticky>
  <category domain="nav_menu" nicename="social-links"><![CDATA[Social Links]]></category>
  <wp:postmeta>
    <wp:meta_key>_publicize_pending</wp:meta_key>
    <wp:meta_value><![CDATA[1]]></wp:meta_value>
  </wp:postmeta>
  <wp:postmeta>
    <wp:meta_key>_menu_item_type</wp:meta_key>
    <wp:meta_value><![CDATA[custom]]></wp:meta_value>
  </wp:postmeta>
  <wp:postmeta>
    <wp:meta_key>_menu_item_menu_item_parent</wp:meta_key>
    <wp:meta_value><![CDATA[0]]></wp:meta_value>
  </wp:postmeta>
  <wp:postmeta>
    <wp:meta_key>_menu_item_object_id</wp:meta_key>
    <wp:meta_value><![CDATA[12]]></wp:meta_value>
  </wp:postmeta>
  <wp:postmeta>
    <wp:meta_key>_menu_item_object</wp:meta_key>
    <wp:meta_value><![CDATA[custom]]></wp:meta_value>
  </wp:postmeta>
  <wp:postmeta>
    <wp:meta_key>_menu_item_target</wp:meta_key>
    <wp:meta_value><![CDATA[]]></wp:meta_value>
  </wp:postmeta>
  <wp:postmeta>
    <wp:meta_key>_menu_item_classes</wp:meta_key>
    <wp:meta_value><![CDATA[a:1:{i:0;s:0:"";}]]></wp:meta_value>
  </wp:postmeta>
  <wp:postmeta>
    <wp:meta_key>_menu_item_xfn</wp:meta_key>
    <wp:meta_value><![CDATA[]]></wp:meta_value>
  </wp:postmeta>
  <wp:postmeta>
    <wp:meta_key>_menu_item_url</wp:meta_key>
    <wp:meta_value><![CDATA[https://twitter.com/]]></wp:meta_value>
  </wp:postmeta>
  <wp:postmeta>
    <wp:meta_key>_menu_item_content</wp:meta_key>
    <wp:meta_value><![CDATA[]]></wp:meta_value>
  </wp:postmeta>
</item>
<item>
  <title>Instagram</title>
  <link>https://arushhomeopathy.wordpress.com/2021/01/08/instagram/</link>
  <pubDate>Fri, 08 Jan 2021 18:40:54 +0000</pubDate>
  <dc:creator>iamsanketshubh</dc:creator>
  <guid isPermaLink="false">https://arushhomeopathy.wordpress.com/2021/01/08/instagram/</guid>
  <description/>
  <content:encoded><![CDATA[]]></content:encoded>
  <excerpt:encoded><![CDATA[]]></excerpt:encoded>
  <wp:post_id>13</wp:post_id>
  <wp:post_date>2021-01-08 18:40:54</wp:post_date>
  <wp:post_date_gmt>2021-01-08 18:40:54</wp:post_date_gmt>
  <wp:post_modified>2021-01-08 18:40:54</wp:post_modified>
  <wp:post_modified_gmt>2021-01-08 18:40:54</wp:post_modified_gmt>
  <wp:comment_status>closed</wp:comment_status>
  <wp:ping_status>closed</wp:ping_status>
  <wp:post_name>instagram</wp:post_name>
  <wp:status>publish</wp:status>
  <wp:post_parent>0</wp:post_parent>
  <wp:menu_order>3</wp:menu_order>
  <wp:post_type>nav_menu_item</wp:post_type>
  <wp:post_password/>
  <wp:is_sticky>0</wp:is_sticky>
  <category domain="nav_menu" nicename="social-links"><![CDATA[Social Links]]></category>
  <wp:postmeta>
    <wp:meta_key>_publicize_pending</wp:meta_key>
    <wp:meta_value><![CDATA[1]]></wp:meta_value>
  </wp:postmeta>
  <wp:postmeta>
    <wp:meta_key>_menu_item_type</wp:meta_key>
    <wp:meta_value><![CDATA[custom]]></wp:meta_value>
  </wp:postmeta>
  <wp:postmeta>
    <wp:meta_key>_menu_item_menu_item_parent</wp:meta_key>
    <wp:meta_value><![CDATA[0]]></wp:meta_value>
  </wp:postmeta>
  <wp:postmeta>
    <wp:meta_key>_menu_item_object_id</wp:meta_key>
    <wp:meta_value><![CDATA[13]]></wp:meta_value>
  </wp:postmeta>
  <wp:postmeta>
    <wp:meta_key>_menu_item_object</wp:meta_key>
    <wp:meta_value><![CDATA[custom]]></wp:meta_value>
  </wp:postmeta>
  <wp:postmeta>
    <wp:meta_key>_menu_item_target</wp:meta_key>
    <wp:meta_value><![CDATA[]]></wp:meta_value>
  </wp:postmeta>
  <wp:postmeta>
    <wp:meta_key>_menu_item_classes</wp:meta_key>
    <wp:meta_value><![CDATA[a:1:{i:0;s:0:"";}]]></wp:meta_value>
  </wp:postmeta>
  <wp:postmeta>
    <wp:meta_key>_menu_item_xfn</wp:meta_key>
    <wp:meta_value><![CDATA[]]></wp:meta_value>
  </wp:postmeta>
  <wp:postmeta>
    <wp:meta_key>_menu_item_url</wp:meta_key>
    <wp:meta_value><![CDATA[https://www.instagram.com/]]></wp:meta_value>
  </wp:postmeta>
  <wp:postmeta>
    <wp:meta_key>_menu_item_content</wp:meta_key>
    <wp:meta_value><![CDATA[]]></wp:meta_value>
  </wp:postmeta>
</item>
<item>
  <title>wp-1610131328991.jpg</title>
  <link>https://arushhomeopathy.wordpress.com/wp-1610131328991/</link>
  <pubDate>Fri, 08 Jan 2021 18:42:11 +0000</pubDate>
  <dc:creator>iamsanketshubh</dc:creator>
  <guid isPermaLink="false">http://arushhomeopathy.files.wordpress.com/2021/01/wp-1610131328991.jpg</guid>
  <description/>
  <content:encoded><![CDATA[]]></content:encoded>
  <excerpt:encoded><![CDATA[]]></excerpt:encoded>
  <wp:post_id>22</wp:post_id>
  <wp:post_date>2021-01-08 18:42:11</wp:post_date>
  <wp:post_date_gmt>2021-01-08 18:42:11</wp:post_date_gmt>
  <wp:post_modified>2021-01-08 18:42:12</wp:post_modified>
  <wp:post_modified_gmt>2021-01-08 18:42:12</wp:post_modified_gmt>
  <wp:comment_status>open</wp:comment_status>
  <wp:ping_status>closed</wp:ping_status>
  <wp:post_name>wp-1610131328991</wp:post_name>
  <wp:status>inherit</wp:status>
  <wp:post_parent>0</wp:post_parent>
  <wp:menu_order>0</wp:menu_order>
  <wp:post_type>attachment</wp:post_type>
  <wp:post_password/>
  <wp:is_sticky>0</wp:is_sticky>
  <wp:attachment_url>https://arushhomeopathy.files.wordpress.com/2021/01/wp-1610131328991.jpg</wp:attachment_url>
</item>
<item>
  <title>images (2)</title>
  <link>https://arushhomeopathy.wordpress.com/images-2/</link>
  <pubDate>Fri, 08 Jan 2021 18:44:40 +0000</pubDate>
  <dc:creator>iamsanketshubh</dc:creator>
  <guid isPermaLink="false">http://arushhomeopathy.files.wordpress.com/2021/01/images-2.jpeg</guid>
  <description/>
  <content:encoded><![CDATA[]]></content:encoded>
  <excerpt:encoded><![CDATA[]]></excerpt:encoded>
  <wp:post_id>23</wp:post_id>
  <wp:post_date>2021-01-08 18:44:40</wp:post_date>
  <wp:post_date_gmt>2021-01-08 18:44:40</wp:post_date_gmt>
  <wp:post_modified>2021-01-08 18:44:40</wp:post_modified>
  <wp:post_modified_gmt>2021-01-08 18:44:40</wp:post_modified_gmt>
  <wp:comment_status>open</wp:comment_status>
  <wp:ping_status>closed</wp:ping_status>
  <wp:post_name>images-2</wp:post_name>
  <wp:status>inherit</wp:status>
  <wp:post_parent>0</wp:post_parent>
  <wp:menu_order>0</wp:menu_order>
  <wp:post_type>attachment</wp:post_type>
  <wp:post_password/>
  <wp:is_sticky>0</wp:is_sticky>
  <wp:attachment_url>https://arushhomeopathy.files.wordpress.com/2021/01/images-2.jpeg</wp:attachment_url>
</item>
<item>
  <title>images (5)</title>
  <link>https://arushhomeopathy.wordpress.com/images-5/</link>
  <pubDate>Fri, 08 Jan 2021 18:47:32 +0000</pubDate>
  <dc:creator>iamsanketshubh</dc:creator>
  <guid isPermaLink="false">http://arushhomeopathy.files.wordpress.com/2021/01/images-5.jpeg</guid>
  <description/>
  <content:encoded><![CDATA[]]></content:encoded>
  <excerpt:encoded><![CDATA[]]></excerpt:encoded>
  <wp:post_id>26</wp:post_id>
  <wp:post_date>2021-01-08 18:47:32</wp:post_date>
  <wp:post_date_gmt>2021-01-08 18:47:32</wp:post_date_gmt>
  <wp:post_modified>2021-01-08 18:47:32</wp:post_modified>
  <wp:post_modified_gmt>2021-01-08 18:47:32</wp:post_modified_gmt>
  <wp:comment_status>open</wp:comment_status>
  <wp:ping_status>closed</wp:ping_status>
  <wp:post_name>images-5</wp:post_name>
  <wp:status>inherit</wp:status>
  <wp:post_parent>0</wp:post_parent>
  <wp:menu_order>0</wp:menu_order>
  <wp:post_type>attachment</wp:post_type>
  <wp:post_password/>
  <wp:is_sticky>0</wp:is_sticky>
  <wp:attachment_url>https://arushhomeopathy.files.wordpress.com/2021/01/images-5.jpeg</wp:attachment_url>
</item>
<item>
  <title>images (3)</title>
  <link>https://arushhomeopathy.wordpress.com/images-3/</link>
  <pubDate>Fri, 08 Jan 2021 18:47:34 +0000</pubDate>
  <dc:creator>iamsanketshubh</dc:creator>
  <guid isPermaLink="false">http://arushhomeopathy.files.wordpress.com/2021/01/images-3.jpeg</guid>
  <description/>
  <content:encoded><![CDATA[]]></content:encoded>
  <excerpt:encoded><![CDATA[]]></excerpt:encoded>
  <wp:post_id>27</wp:post_id>
  <wp:post_date>2021-01-08 18:47:34</wp:post_date>
  <wp:post_date_gmt>2021-01-08 18:47:34</wp:post_date_gmt>
  <wp:post_modified>2021-01-08 18:47:34</wp:post_modified>
  <wp:post_modified_gmt>2021-01-08 18:47:34</wp:post_modified_gmt>
  <wp:comment_status>open</wp:comment_status>
  <wp:ping_status>closed</wp:ping_status>
  <wp:post_name>images-3</wp:post_name>
  <wp:status>inherit</wp:status>
  <wp:post_parent>0</wp:post_parent>
  <wp:menu_order>0</wp:menu_order>
  <wp:post_type>attachment</wp:post_type>
  <wp:post_password/>
  <wp:is_sticky>0</wp:is_sticky>
  <wp:attachment_url>https://arushhomeopathy.files.wordpress.com/2021/01/images-3.jpeg</wp:attachment_url>
</item>
<item>
  <title>doctor-consultation-1089004</title>
  <link>https://arushhomeopathy.wordpress.com/doctor-consultation-1089004/</link>
  <pubDate>Fri, 08 Jan 2021 18:47:38 +0000</pubDate>
  <dc:creator>iamsanketshubh</dc:creator>
  <guid isPermaLink="false">http://arushhomeopathy.files.wordpress.com/2021/01/doctor-consultation-1089004.png</guid>
  <description/>
  <content:encoded><![CDATA[]]></content:encoded>
  <excerpt:encoded><![CDATA[]]></excerpt:encoded>
  <wp:post_id>28</wp:post_id>
  <wp:post_date>2021-01-08 18:47:38</wp:post_date>
  <wp:post_date_gmt>2021-01-08 18:47:38</wp:post_date_gmt>
  <wp:post_modified>2021-01-08 18:47:38</wp:post_modified>
  <wp:post_modified_gmt>2021-01-08 18:47:38</wp:post_modified_gmt>
  <wp:comment_status>open</wp:comment_status>
  <wp:ping_status>closed</wp:ping_status>
  <wp:post_name>doctor-consultation-1089004</wp:post_name>
  <wp:status>inherit</wp:status>
  <wp:post_parent>0</wp:post_parent>
  <wp:menu_order>0</wp:menu_order>
  <wp:post_type>attachment</wp:post_type>
  <wp:post_password/>
  <wp:is_sticky>0</wp:is_sticky>
  <wp:attachment_url>https://arushhomeopathy.files.wordpress.com/2021/01/doctor-consultation-1089004.png</wp:attachment_url>
</item>
<item>
  <title>images (1)</title>
  <link>https://arushhomeopathy.wordpress.com/images-1/</link>
  <pubDate>Fri, 08 Jan 2021 18:47:41 +0000</pubDate>
  <dc:creator>iamsanketshubh</dc:creator>
  <guid isPermaLink="false">http://arushhomeopathy.files.wordpress.com/2021/01/images-1.jpeg</guid>
  <description/>
  <content:encoded><![CDATA[]]></content:encoded>
  <excerpt:encoded><![CDATA[]]></excerpt:encoded>
  <wp:post_id>29</wp:post_id>
  <wp:post_date>2021-01-08 18:47:41</wp:post_date>
  <wp:post_date_gmt>2021-01-08 18:47:41</wp:post_date_gmt>
  <wp:post_modified>2021-01-08 18:47:41</wp:post_modified>
  <wp:post_modified_gmt>2021-01-08 18:47:41</wp:post_modified_gmt>
  <wp:comment_status>open</wp:comment_status>
  <wp:ping_status>closed</wp:ping_status>
  <wp:post_name>images-1</wp:post_name>
  <wp:status>inherit</wp:status>
  <wp:post_parent>0</wp:post_parent>
  <wp:menu_order>0</wp:menu_order>
  <wp:post_type>attachment</wp:post_type>
  <wp:post_password/>
  <wp:is_sticky>0</wp:is_sticky>
  <wp:attachment_url>https://arushhomeopathy.files.wordpress.com/2021/01/images-1.jpeg</wp:attachment_url>
</item>
<item>
  <title>images</title>
  <link>https://arushhomeopathy.wordpress.com/images/</link>
  <pubDate>Fri, 08 Jan 2021 18:47:44 +0000</pubDate>
  <dc:creator>iamsanketshubh</dc:creator>
  <guid isPermaLink="false">http://arushhomeopathy.files.wordpress.com/2021/01/images.jpeg</guid>
  <description/>
  <content:encoded><![CDATA[]]></content:encoded>
  <excerpt:encoded><![CDATA[]]></excerpt:encoded>
  <wp:post_id>30</wp:post_id>
  <wp:post_date>2021-01-08 18:47:44</wp:post_date>
  <wp:post_date_gmt>2021-01-08 18:47:44</wp:post_date_gmt>
  <wp:post_modified>2021-01-08 18:47:44</wp:post_modified>
  <wp:post_modified_gmt>2021-01-08 18:47:44</wp:post_modified_gmt>
  <wp:comment_status>open</wp:comment_status>
  <wp:ping_status>closed</wp:ping_status>
  <wp:post_name>images</wp:post_name>
  <wp:status>inherit</wp:status>
  <wp:post_parent>0</wp:post_parent>
  <wp:menu_order>0</wp:menu_order>
  <wp:post_type>attachment</wp:post_type>
  <wp:post_password/>
  <wp:is_sticky>0</wp:is_sticky>
  <wp:attachment_url>https://arushhomeopathy.files.wordpress.com/2021/01/images.jpeg</wp:attachment_url>
</item>
<item>
  <title>Blog</title>
  <link>https://arushhomeopathy.wordpress.com/?page_id=35</link>
  <pubDate>Fri, 08 Jan 2021 19:23:21 +0000</pubDate>
  <dc:creator>iamsanketshubh</dc:creator>
  <guid isPermaLink="false">https://arushhomeopathy.wordpress.com/blog/</guid>
  <description/>
  <content:encoded><![CDATA[<!-- wp:paragraph -->
<p>HAIR</p>
<!-- /wp:paragraph -->

<!-- wp:paragraph -->
<p><strong>Symptoms of male pattern hair loss</strong></p>
<!-- /wp:paragraph -->

<!-- wp:paragraph -->
<p>The most common symptoms of male pattern hair loss are as follows:</p>
<!-- /wp:paragraph -->

<!-- wp:list -->
<ul><li>Excessive loss of hair</li><li>Receding hairline resembling the shape of an ‘M’</li><li>Overall thinning of hair</li><li>Reduction in the density of hair</li><li>Bald patch on top of the scalp</li><li>Partial baldness</li><li>Complete baldness at a later stage</li></ul>
<!-- /wp:list -->

<!-- wp:paragraph -->
<p><strong>Triggering factors of male pattern hair loss</strong></p>
<!-- /wp:paragraph -->

<!-- wp:list -->
<ul><li>Genetics</li><li>Hormonal changes (thyroid)</li><li>Stress</li><li>Change of water</li><li>Dandruff</li><li>Poor hair management (not using the right kind of shampoo and oil)</li><li>Cosmetic treatment (straightening, coloring etc.)</li></ul>
<!-- /wp:list -->

<!-- wp:paragraph -->
<p><strong>Why seek homeopathy treatment?</strong></p>
<!-- /wp:paragraph -->

<!-- wp:paragraph -->
<p>Homeopathy is a mind-body medicine. It treats the physical complaints as well as the psychological effects to gently restore mind-body equilibrium. It treats the patient as a whole. This makes homeopathy an exceptional men’s hair fall solution. Homeopathy remedies are carefully chosen and tailored for each patient. It effectively treats the primary cause of male pattern hair loss. It has zero side-effects. It’s easier to consume when compared to bitter-tasting medicines. There are no painful procedures in homeopathy.</p>
<!-- /wp:paragraph -->

<!-- wp:paragraph -->
<p>SKIN</p>
<!-- /wp:paragraph -->

<!-- wp:paragraph -->
<p>A good skincare routine is important so as to keep your skin healthy. But it can only be beneficial if you’re doing it right.There are a number of reasons why your go-to skincare routine can stop working, ranging from minor tweaks in your routine to the introduction of new products. But when your products fail to flatter you, the best solution is to look carefully through your regime to figure out the possible cause.</p>
<!-- /wp:paragraph -->

<!-- wp:paragraph -->
<p><strong>What happens when skincare routine goes wrong?</strong></p>
<!-- /wp:paragraph -->

<!-- wp:paragraph -->
<p>Poor quality skincare products are more likely to cause ineffective results, infections or even allergic reactions such as rashes, worsening problems by clogging pores, causing breakouts, etc.</p>
<!-- /wp:paragraph -->

<!-- wp:paragraph -->
<p>Even the skincare products with ace quality can harm you unknowingly due to the presence of certain chemicals which you may be allergic to. When your skin comes in contact with this disguised allergen, it may cause blisters, itchiness, redness and even swelling.</p>
<!-- /wp:paragraph -->

<!-- wp:paragraph -->
<p><strong>How homeopathy effectively and safely treats skin problems?</strong></p>
<!-- /wp:paragraph -->

<!-- wp:paragraph -->
<p>Every person’s skin has a different texture and type. Are you looking for a safe and effective treatment which is specially customized for you? Then think of healing skin disorders with homeopathy which is a holistic therapy that treats both the cause and effect. Homeopathic treatment for skin will give you long-lasting outcomes and substantial results for all your skin problems.</p>
<!-- /wp:paragraph -->

<!-- wp:paragraph -->
<p>SKIN</p>
<!-- /wp:paragraph -->

<!-- wp:paragraph -->
<p><a href="https://www.drbatras.com/skin-diseases/acne"><strong>Acne</strong></a>&nbsp;affects 85% of adolescents and often continues into adulthood. (Source: Wiley Online Library) It can have profound psychological and physical effects on adolescents. This impacts the social and psychological functioning.</p>
<!-- /wp:paragraph -->

<!-- wp:paragraph -->
<p>The more severe the acne, the greater the effect will be on the quality of life and the greater the impact on the self‐esteem and body image. In extreme cases, the impact of acne leads to serious consequences like major depression and suicide.</p>
<!-- /wp:paragraph -->

<!-- wp:paragraph -->
<p>A study showed that teenagers with acne were perceived as being:</p>
<!-- /wp:paragraph -->

<!-- wp:list -->
<ul><li>Shy</li><li>Nerdy</li><li>Stressed</li><li>Lonely</li><li>Boring</li><li>Unkempt</li><li>Unhealthy</li><li>Introverted</li><li>Rebellious</li></ul>
<!-- /wp:list -->

<!-- wp:paragraph -->
<p>(Source: Wiley Online Library)</p>
<!-- /wp:paragraph -->

<!-- wp:paragraph -->
<p>Acne can impact your social life. Many teenagers express that this has an effect on their social behavior. It affects the way they present themselves to the world. It can lead to withdrawal from social activities, concerns about forming relationships and fear or experiences of prejudice and bullying. Their relationships with their family and parents might also be affected. This is because parents worry about the impact acne will have on their child. And they might also lack knowledge about the causes and treatment of acne. This may delay or prevent the teenager from seeking medical intervention.</p>
<!-- /wp:paragraph -->

<!-- wp:paragraph -->
<p>Patients with acne feel self‐conscious about recurrent and ongoing spots, redness and scarring. They describe feelings of embarrassment, low confidence, depression, sadness, anxiety, anger, frustration and despair. This is true if they have tried many treatments and are not happy with the results.</p>
<!-- /wp:paragraph -->

<!-- wp:heading {"level":1} -->
<h1>DOS &amp; DON'TS OF HOMEOPATHY</h1>
<!-- /wp:heading -->

<!-- wp:image {"id":41,"sizeSlug":"large"} -->
<figure class="wp-block-image size-large"><img src="https://arushhomeopathy.files.wordpress.com/2021/01/shutterstock_14824936047529087995187924236.jpg?w=768" alt="" class="wp-image-41" /></figure>
<!-- /wp:image -->

<!-- wp:paragraph -->
<p>It was the German physician Dr. Samuel Hahnemann who turned homeopathy into the science of healing. Homeopathy is grounded on the principle of ‘Law of Similars’. This means any substance that produces symptoms in a healthy person can cure similar symptoms in a person who is unwell.</p>
<!-- /wp:paragraph -->

<!-- wp:paragraph -->
<p>Here’s a quick list for you to check out on some guidelines while taking homeopathy treatment.</p>
<!-- /wp:paragraph -->

<!-- wp:list -->
<ul><li>Avoid exposing homeopathic medicine to direct sunlight, magnets or strong perfumed odors like camphor, paint and chemicals.</li><li>Avoid self-medication. After a detailed evaluation of your case history, an expert homeopath will prescribe you medicines.</li><li>Avoid touching the homeopathic medicine with your hands. Use a clean spoon and place it under your tongue to avoid infecting it.</li><li>Before taking your homeopathy medicine, wait at least five minutes after eating or drinking as strong odors or tastes might affect the remedy.</li><li>When traveling with homeopathic medicines take them as cabin luggage and hand them to the attendant when it goes through the x-ray machine.</li><li>Inform your homeopath before taking any new medications.</li></ul>
<!-- /wp:list -->

<!-- wp:paragraph -->
<p><strong>What to avoid while under homeopathic treatment?</strong></p>
<!-- /wp:paragraph -->

<!-- wp:paragraph -->
<p>Many homeopathy practitioners give their patients a list of substances to avoid. Let’s have a look at some of those.</p>
<!-- /wp:paragraph -->

<!-- wp:list -->
<ul><li><strong>Coffee</strong></li></ul>
<!-- /wp:list -->

<!-- wp:paragraph -->
<p>This most often interferes with homeopathic treatment. Even one sip of coffee or a small amount of coffee ice cream or coffee candy might disturb the treatment. Other caffeinated substances do not usually interfere with homeopathic treatment.</p>
<!-- /wp:paragraph -->

<!-- wp:list -->
<ul><li><strong>Perfumed ingredients</strong></li></ul>
<!-- /wp:list -->

<!-- wp:paragraph -->
<p>Avoid eucalyptus and any products that contain them. Aromatherapy oils and mouthwashes containing menthol and other aromatic compounds are also included. Perfumed herbal mosquito repellants, all tea tree products, peppermint oil and lavender oil might interfere due to their aromaticity. Chapstick and other perfumed lip balms should also be avoided. Strong fumes from oil-based paint, turpentine, paint thinner and certain household cleaning agents may also interfere, depending on individual sensitivity.</p>
<!-- /wp:paragraph -->

<!-- wp:heading {"level":1} -->
<h1>EVERYTHING YOU SHOULD KNOW ABOUT HOMEOPATHIC TREATMENT AND HOMEOPATHIC MEDICINES</h1>
<!-- /wp:heading -->

<!-- wp:image {"id":39,"sizeSlug":"large"} -->
<figure class="wp-block-image size-large"><img src="https://arushhomeopathy.files.wordpress.com/2021/01/shutterstock_6701866937842435898537988258.jpg?w=360" alt="" class="wp-image-39" /></figure>
<!-- /wp:image -->

<!-- wp:paragraph -->
<p>Scepticism around any topic can be dangerous especially when your health and treatment alternatives are concerned. Staying informed is the most responsible step you can take towards a healthy life. If you plan on fighting an inevitable battle against any disease, you’ll instinctively educate yourself about it thoroughly. But, it’s equally important to know about the form of treatment you use to battle the disease. So, here’s everything you need to know about homeopathy.</p>
<!-- /wp:paragraph -->

<!-- wp:paragraph -->
<p><strong>What’s the scope of homeopathic treatment?</strong></p>
<!-- /wp:paragraph -->

<!-- wp:paragraph -->
<p>Homeopathy has a wider approach when it comes to dealing with various types of chronic and acute illnesses. Homeopathy prides itself on treating illnesses which have a recurrent nature when treated with conventional medicines. Homeopathy treats the physical, emotional and psychological symptoms of the person.</p>
<!-- /wp:paragraph -->

<!-- wp:paragraph -->
<p>Homeopathy can treat acute illnesses from headaches, coughs, nausea, cold to chronic illnesses like bronchitis and asthma as well. Other chronic illnesses which can be treated under the wide umbrella of homeopathic treatments include low immunity, allergies, Upper Respiratory Tract (URTI), Hair loss, Bald Patches, dandruff, Acne, Atopic Dermatitis, Polycystic Ovarian Syndrome (PCOS), Depression, Attention Deficit Hyperactivity Disorder (ADHD) and fertility as well.</p>
<!-- /wp:paragraph -->]]></content:encoded>
  <excerpt:encoded><![CDATA[]]></excerpt:encoded>
  <wp:post_id>35</wp:post_id>
  <wp:post_date>2021-01-08 19:23:21</wp:post_date>
  <wp:post_date_gmt>2021-01-08 19:23:21</wp:post_date_gmt>
  <wp:post_modified>2021-01-08 19:28:57</wp:post_modified>
  <wp:post_modified_gmt>2021-01-08 19:28:57</wp:post_modified_gmt>
  <wp:comment_status>closed</wp:comment_status>
  <wp:ping_status>closed</wp:ping_status>
  <wp:post_name>blog</wp:post_name>
  <wp:status>draft</wp:status>
  <wp:post_parent>0</wp:post_parent>
  <wp:menu_order>0</wp:menu_order>
  <wp:post_type>page</wp:post_type>
  <wp:post_password/>
  <wp:is_sticky>0</wp:is_sticky>
  <wp:postmeta>
    <wp:meta_key>_rest_api_client_id</wp:meta_key>
    <wp:meta_value><![CDATA[2697]]></wp:meta_value>
  </wp:postmeta>
  <wp:postmeta>
    <wp:meta_key>_rest_api_published</wp:meta_key>
    <wp:meta_value><![CDATA[1]]></wp:meta_value>
  </wp:postmeta>
  <wp:postmeta>
    <wp:meta_key>_publicize_pending</wp:meta_key>
    <wp:meta_value><![CDATA[1]]></wp:meta_value>
  </wp:postmeta>
</item>
<item>
  <title>shutterstock_6701866937842435898537988258.jpg</title>
  <link>https://arushhomeopathy.wordpress.com/?attachment_id=39</link>
  <pubDate>Fri, 08 Jan 2021 19:10:07 +0000</pubDate>
  <dc:creator>iamsanketshubh</dc:creator>
  <guid isPermaLink="false">http://arushhomeopathy.files.wordpress.com/2021/01/shutterstock_6701866937842435898537988258.jpg</guid>
  <description/>
  <content:encoded><![CDATA[]]></content:encoded>
  <excerpt:encoded><![CDATA[]]></excerpt:encoded>
  <wp:post_id>39</wp:post_id>
  <wp:post_date>2021-01-08 19:10:07</wp:post_date>
  <wp:post_date_gmt>2021-01-08 19:10:07</wp:post_date_gmt>
  <wp:post_modified>2021-01-08 19:10:08</wp:post_modified>
  <wp:post_modified_gmt>2021-01-08 19:10:08</wp:post_modified_gmt>
  <wp:comment_status>open</wp:comment_status>
  <wp:ping_status>closed</wp:ping_status>
  <wp:post_name>shutterstock_6701866937842435898537988258</wp:post_name>
  <wp:status>inherit</wp:status>
  <wp:post_parent>35</wp:post_parent>
  <wp:menu_order>0</wp:menu_order>
  <wp:post_type>attachment</wp:post_type>
  <wp:post_password/>
  <wp:is_sticky>0</wp:is_sticky>
  <wp:attachment_url>https://arushhomeopathy.files.wordpress.com/2021/01/shutterstock_6701866937842435898537988258.jpg</wp:attachment_url>
</item>
<item>
  <title>shutterstock_14824936047529087995187924236.jpg</title>
  <link>https://arushhomeopathy.wordpress.com/?attachment_id=41</link>
  <pubDate>Fri, 08 Jan 2021 19:10:46 +0000</pubDate>
  <dc:creator>iamsanketshubh</dc:creator>
  <guid isPermaLink="false">http://arushhomeopathy.files.wordpress.com/2021/01/shutterstock_14824936047529087995187924236.jpg</guid>
  <description/>
  <content:encoded><![CDATA[]]></content:encoded>
  <excerpt:encoded><![CDATA[]]></excerpt:encoded>
  <wp:post_id>41</wp:post_id>
  <wp:post_date>2021-01-08 19:10:46</wp:post_date>
  <wp:post_date_gmt>2021-01-08 19:10:46</wp:post_date_gmt>
  <wp:post_modified>2021-01-08 19:10:47</wp:post_modified>
  <wp:post_modified_gmt>2021-01-08 19:10:47</wp:post_modified_gmt>
  <wp:comment_status>open</wp:comment_status>
  <wp:ping_status>closed</wp:ping_status>
  <wp:post_name>shutterstock_14824936047529087995187924236</wp:post_name>
  <wp:status>inherit</wp:status>
  <wp:post_parent>35</wp:post_parent>
  <wp:menu_order>0</wp:menu_order>
  <wp:post_type>attachment</wp:post_type>
  <wp:post_password/>
  <wp:is_sticky>0</wp:is_sticky>
  <wp:attachment_url>https://arushhomeopathy.files.wordpress.com/2021/01/shutterstock_14824936047529087995187924236.jpg</wp:attachment_url>
</item>
<item>
  <title>images (5)6006804985718229656..jpg</title>
  <link>https://arushhomeopathy.wordpress.com/blog/home/images56006804985718229656/</link>
  <pubDate>Fri, 08 Jan 2021 19:13:06 +0000</pubDate>
  <dc:creator>iamsanketshubh</dc:creator>
  <guid isPermaLink="false">http://arushhomeopathy.files.wordpress.com/2021/01/images285296006804985718229656..jpg</guid>
  <description/>
  <content:encoded><![CDATA[]]></content:encoded>
  <excerpt:encoded><![CDATA[]]></excerpt:encoded>
  <wp:post_id>43</wp:post_id>
  <wp:post_date>2021-01-08 19:13:06</wp:post_date>
  <wp:post_date_gmt>2021-01-08 19:13:06</wp:post_date_gmt>
  <wp:post_modified>2021-01-08 19:13:06</wp:post_modified>
  <wp:post_modified_gmt>2021-01-08 19:13:06</wp:post_modified_gmt>
  <wp:comment_status>open</wp:comment_status>
  <wp:ping_status>closed</wp:ping_status>
  <wp:post_name>images56006804985718229656</wp:post_name>
  <wp:status>inherit</wp:status>
  <wp:post_parent>4</wp:post_parent>
  <wp:menu_order>0</wp:menu_order>
  <wp:post_type>attachment</wp:post_type>
  <wp:post_password/>
  <wp:is_sticky>0</wp:is_sticky>
  <wp:attachment_url>https://arushhomeopathy.files.wordpress.com/2021/01/images285296006804985718229656..jpg</wp:attachment_url>
</item>
<item>
  <title>images7503276737588505098.jpeg</title>
  <link>https://arushhomeopathy.wordpress.com/blog/home/images7503276737588505098/</link>
  <pubDate>Fri, 08 Jan 2021 19:18:11 +0000</pubDate>
  <dc:creator>iamsanketshubh</dc:creator>
  <guid isPermaLink="false">http://arushhomeopathy.files.wordpress.com/2021/01/images7503276737588505098.jpeg</guid>
  <description/>
  <content:encoded><![CDATA[]]></content:encoded>
  <excerpt:encoded><![CDATA[]]></excerpt:encoded>
  <wp:post_id>45</wp:post_id>
  <wp:post_date>2021-01-08 19:18:11</wp:post_date>
  <wp:post_date_gmt>2021-01-08 19:18:11</wp:post_date_gmt>
  <wp:post_modified>2021-01-08 19:18:12</wp:post_modified>
  <wp:post_modified_gmt>2021-01-08 19:18:12</wp:post_modified_gmt>
  <wp:comment_status>open</wp:comment_status>
  <wp:ping_status>closed</wp:ping_status>
  <wp:post_name>images7503276737588505098</wp:post_name>
  <wp:status>inherit</wp:status>
  <wp:post_parent>4</wp:post_parent>
  <wp:menu_order>0</wp:menu_order>
  <wp:post_type>attachment</wp:post_type>
  <wp:post_password/>
  <wp:is_sticky>0</wp:is_sticky>
  <wp:attachment_url>https://arushhomeopathy.files.wordpress.com/2021/01/images7503276737588505098.jpeg</wp:attachment_url>
</item>
<item>
  <title>shutterstock_6701866932656724474611134231.jpg</title>
  <link>https://arushhomeopathy.wordpress.com/?attachment_id=50</link>
  <pubDate>Fri, 08 Jan 2021 19:31:18 +0000</pubDate>
  <dc:creator>iamsanketshubh</dc:creator>
  <guid isPermaLink="false">http://arushhomeopathy.files.wordpress.com/2021/01/shutterstock_6701866932656724474611134231.jpg</guid>
  <description/>
  <content:encoded><![CDATA[]]></content:encoded>
  <excerpt:encoded><![CDATA[]]></excerpt:encoded>
  <wp:post_id>50</wp:post_id>
  <wp:post_date>2021-01-08 19:31:18</wp:post_date>
  <wp:post_date_gmt>2021-01-08 19:31:18</wp:post_date_gmt>
  <wp:post_modified>2021-01-08 19:31:45</wp:post_modified>
  <wp:post_modified_gmt>2021-01-08 19:31:45</wp:post_modified_gmt>
  <wp:comment_status>open</wp:comment_status>
  <wp:ping_status>closed</wp:ping_status>
  <wp:post_name>shutterstock_6701866932656724474611134231</wp:post_name>
  <wp:status>inherit</wp:status>
  <wp:post_parent>51</wp:post_parent>
  <wp:menu_order>0</wp:menu_order>
  <wp:post_type>attachment</wp:post_type>
  <wp:post_password/>
  <wp:is_sticky>0</wp:is_sticky>
  <wp:attachment_url>https://arushhomeopathy.files.wordpress.com/2021/01/shutterstock_6701866932656724474611134231.jpg</wp:attachment_url>
</item>
<item>
  <title>Blog</title>
  <link>https://arushhomeopathy.wordpress.com/?page_id=51</link>
  <pubDate>Fri, 08 Jan 2021 19:31:35 +0000</pubDate>
  <dc:creator>iamsanketshubh</dc:creator>
  <guid isPermaLink="false">https://arushhomeopathy.wordpress.com/blog-2/</guid>
  <description/>
  <content:encoded><![CDATA[<!-- wp:paragraph -->
<p>HAIR</p>
<!-- /wp:paragraph -->

<!-- wp:paragraph -->
<p>Symptoms of male pattern hair loss</p>
<!-- /wp:paragraph -->

<!-- wp:paragraph -->
<p>The most common&nbsp;symptoms of male pattern hair loss&nbsp;are as follows:</p>
<!-- /wp:paragraph -->

<!-- wp:paragraph -->
<p>Excessive loss of hair<br />Receding hairline resembling the shape of an ‘M’<br />Overall thinning of hair<br />Reduction in the density of hair<br />Bald patch on top of the scalp<br />Partial baldness<br />Complete baldness at a later stage</p>
<!-- /wp:paragraph -->

<!-- wp:paragraph -->
<p>Triggering factors of male pattern hair loss</p>
<!-- /wp:paragraph -->

<!-- wp:paragraph -->
<p>Genetics<br />Hormonal changes (thyroid)<br />Stress<br />Change of water<br />Dandruff<br />Poor hair management (not using the right kind of shampoo and oil)<br />Cosmetic treatment (straightening, coloring etc.)</p>
<!-- /wp:paragraph -->

<!-- wp:paragraph -->
<p>Why seek homeopathy treatment?</p>
<!-- /wp:paragraph -->

<!-- wp:paragraph -->
<p>Homeopathy is a mind-body medicine. It treats the physical complaints as well as the psychological effects to gently restore mind-body equilibrium. It treats the patient as a whole. This makes homeopathy an exceptional men’s hair fall solution. Homeopathy remedies are carefully chosen and tailored for each patient. It effectively treats the primary cause of male pattern hair loss. It has zero side-effects. It’s easier to consume when compared to bitter-tasting medicines. There are no painful procedures in homeopathy.</p>
<!-- /wp:paragraph -->

<!-- wp:paragraph -->
<p>SKIN</p>
<!-- /wp:paragraph -->

<!-- wp:paragraph -->
<p>A good skincare routine is important so as to keep your skin healthy. But it can only be beneficial if you’re doing it right.There are a number of reasons why your go-to skincare routine can stop working, ranging from minor tweaks in your routine to the introduction of new products. But when your products fail to flatter you, the best solution is to look carefully through your regime to figure out the possible cause.</p>
<!-- /wp:paragraph -->

<!-- wp:paragraph -->
<p>What happens when skincare routine goes wrong?</p>
<!-- /wp:paragraph -->

<!-- wp:paragraph -->
<p>Poor quality skincare products are more likely to cause ineffective results, infections or even allergic reactions such as rashes, worsening problems by clogging pores, causing breakouts, etc.</p>
<!-- /wp:paragraph -->

<!-- wp:paragraph -->
<p>Even the skincare products with ace quality can harm you unknowingly due to the presence of certain chemicals which you may be allergic to. When your skin comes in contact with this disguised allergen, it may cause blisters, itchiness, redness and even swelling.</p>
<!-- /wp:paragraph -->

<!-- wp:paragraph -->
<p>How homeopathy effectively and safely treats skin problems?</p>
<!-- /wp:paragraph -->

<!-- wp:paragraph -->
<p>Every person’s skin has a different texture and type. Are you looking for a safe and effective treatment which is specially customized for you? Then think of healing skin disorders with homeopathy which is a holistic therapy that treats both the cause and effect. Homeopathic treatment for skin will give you long-lasting outcomes and substantial results for all your skin problems.</p>
<!-- /wp:paragraph -->

<!-- wp:paragraph -->
<p>SKIN</p>
<!-- /wp:paragraph -->

<!-- wp:paragraph -->
<p>Acne&nbsp;affects 85% of adolescents and often continues into adulthood. (Source: Wiley Online Library) It can have profound psychological and physical effects on adolescents. This impacts the social and psychological functioning.</p>
<!-- /wp:paragraph -->

<!-- wp:paragraph -->
<p>The more severe the acne, the greater the effect will be on the quality of life and the greater the impact on the self‐esteem and body image. In extreme cases, the impact of acne leads to serious consequences like major depression and suicide.</p>
<!-- /wp:paragraph -->

<!-- wp:paragraph -->
<p>A study showed that teenagers with acne were perceived as being:</p>
<!-- /wp:paragraph -->

<!-- wp:paragraph -->
<p>Shy<br />Nerdy<br />Stressed<br />Lonely<br />Boring<br />Unkempt<br />Unhealthy<br />Introverted<br />Rebellious</p>
<!-- /wp:paragraph -->

<!-- wp:paragraph -->
<p>(Source: Wiley Online Library)</p>
<!-- /wp:paragraph -->

<!-- wp:paragraph -->
<p>Acne can impact your social life. Many teenagers express that this has an effect on their social behavior. It affects the way they present themselves to the world. It can lead to withdrawal from social activities, concerns about forming relationships and fear or experiences of prejudice and bullying. Their relationships with their family and parents might also be affected. This is because parents worry about the impact acne will have on their child. And they might also lack knowledge about the causes and treatment of acne. This may delay or prevent the teenager from seeking medical intervention.</p>
<!-- /wp:paragraph -->

<!-- wp:paragraph -->
<p>Patients with acne feel self‐conscious about recurrent and ongoing spots, redness and scarring. They describe feelings of embarrassment, low confidence, depression, sadness, anxiety, anger, frustration and despair. This is true if they have tried many treatments and are not happy with the results.</p>
<!-- /wp:paragraph -->

<!-- wp:paragraph -->
<p>DOS &amp; DON'TS OF HOMEOPATHY</p>
<!-- /wp:paragraph -->

<!-- wp:image {"id":28,"sizeSlug":"large"} -->
<figure class="wp-block-image size-large"><img src="///data/user/0/org.wordpress.android/cache/shutterstock_1482493604702842191515539888.jpg" alt="" class="wp-image-28" /></figure>
<!-- /wp:image -->

<!-- wp:paragraph -->
<p>It was the German physician Dr. Samuel Hahnemann who turned homeopathy into the science of healing. Homeopathy is grounded on the principle of ‘Law of Similars’. This means any substance that produces symptoms in a healthy person can cure similar symptoms in a person who is unwell.</p>
<!-- /wp:paragraph -->

<!-- wp:paragraph -->
<p>Here’s a quick list for you to check out on some guidelines while taking homeopathy treatment.</p>
<!-- /wp:paragraph -->

<!-- wp:paragraph -->
<p>Avoid exposing homeopathic medicine to direct sunlight, magnets or strong perfumed odors like camphor, paint and chemicals.<br />Avoid self-medication. After a detailed evaluation of your case history, an expert homeopath will prescribe you medicines.<br />Avoid touching the homeopathic medicine with your hands. Use a clean spoon and place it under your tongue to avoid infecting it.<br />Before taking your homeopathy medicine, wait at least five minutes after eating or drinking as strong odors or tastes might affect the remedy.<br />When traveling with homeopathic medicines take them as cabin luggage and hand them to the attendant when it goes through the x-ray machine.<br />Inform your homeopath before taking any new medications.</p>
<!-- /wp:paragraph -->

<!-- wp:paragraph -->
<p>What to avoid while under homeopathic treatment?</p>
<!-- /wp:paragraph -->

<!-- wp:paragraph -->
<p>Many homeopathy practitioners give their patients a list of substances to avoid. Let’s have a look at some of those.</p>
<!-- /wp:paragraph -->

<!-- wp:paragraph -->
<p>Coffee</p>
<!-- /wp:paragraph -->

<!-- wp:paragraph -->
<p>This most often interferes with&nbsp;homeopathic treatment. Even one sip of coffee or a small amount of coffee ice cream or coffee candy might disturb the treatment. Other caffeinated substances do not usually interfere with homeopathic treatment.</p>
<!-- /wp:paragraph -->

<!-- wp:paragraph -->
<p>Perfumed ingredients</p>
<!-- /wp:paragraph -->

<!-- wp:paragraph -->
<p>Avoid eucalyptus and any products that contain them. Aromatherapy oils and mouthwashes containing menthol and other aromatic compounds are also included. Perfumed herbal mosquito repellants, all tea tree products, peppermint oil and lavender oil might interfere due to their aromaticity. Chapstick and other perfumed lip balms should also be avoided. Strong fumes from oil-based paint, turpentine, paint thinner and certain household cleaning agents may also interfere, depending on individual sensitivity.</p>
<!-- /wp:paragraph -->

<!-- wp:paragraph -->
<p>EVERYTHING YOU SHOULD KNOW ABOUT HOMEOPATHIC TREATMENT AND HOMEOPATHIC MEDICINES</p>
<!-- /wp:paragraph -->

<!-- wp:image {"id":50,"sizeSlug":"large"} -->
<figure class="wp-block-image size-large"><img src="https://arushhomeopathy.files.wordpress.com/2021/01/shutterstock_6701866932656724474611134231.jpg?w=360" alt="" class="wp-image-50" /></figure>
<!-- /wp:image -->

<!-- wp:paragraph -->
<p>Scepticism around any topic can be dangerous especially when your health and treatment alternatives are concerned. Staying informed is the most responsible step you can take towards a healthy life. If you plan on fighting an inevitable battle against any disease, you’ll instinctively educate yourself about it thoroughly. But, it’s equally important to know about the form of treatment you use to battle the disease. So, here’s everything you need to know about homeopathy.</p>
<!-- /wp:paragraph -->

<!-- wp:paragraph -->
<p>What’s the scope of homeopathic treatment?</p>
<!-- /wp:paragraph -->

<!-- wp:paragraph -->
<p>Homeopathy has a wider approach when it comes to dealing with various types of chronic and acute illnesses. Homeopathy prides itself on treating illnesses which have a recurrent nature when treated with conventional medicines. Homeopathy treats the physical, emotional and psychological symptoms of the person.</p>
<!-- /wp:paragraph -->

<!-- wp:paragraph -->
<p>Homeopathy can treat acute illnesses from headaches, coughs, nausea, cold to chronic illnesses like bronchitis and asthma as well. Other chronic illnesses which can be treated under the wide umbrella of homeopathic treatments include low immunity, allergies, Upper Respiratory Tract (URTI), Hair loss, Bald Patches, dandruff, Acne, Atopic Dermatitis, Polycystic Ovarian Syndrome (PCOS), Depression, Attention Deficit Hyperactivity Disorder (ADHD) and fertility as well.</p>
<!-- /wp:paragraph -->]]></content:encoded>
  <excerpt:encoded><![CDATA[]]></excerpt:encoded>
  <wp:post_id>51</wp:post_id>
  <wp:post_date>2021-01-08 19:31:35</wp:post_date>
  <wp:post_date_gmt>2021-01-08 19:31:35</wp:post_date_gmt>
  <wp:post_modified>2021-10-20 05:17:01</wp:post_modified>
  <wp:post_modified_gmt>2021-10-20 05:17:01</wp:post_modified_gmt>
  <wp:comment_status>closed</wp:comment_status>
  <wp:ping_status>closed</wp:ping_status>
  <wp:post_name>blog-2</wp:post_name>
  <wp:status>draft</wp:status>
  <wp:post_parent>0</wp:post_parent>
  <wp:menu_order>0</wp:menu_order>
  <wp:post_type>page</wp:post_type>
  <wp:post_password/>
  <wp:is_sticky>0</wp:is_sticky>
  <wp:postmeta>
    <wp:meta_key>_publicize_pending</wp:meta_key>
    <wp:meta_value><![CDATA[1]]></wp:meta_value>
  </wp:postmeta>
  <wp:postmeta>
    <wp:meta_key>_rest_api_published</wp:meta_key>
    <wp:meta_value><![CDATA[1]]></wp:meta_value>
  </wp:postmeta>
  <wp:postmeta>
    <wp:meta_key>_rest_api_client_id</wp:meta_key>
    <wp:meta_value><![CDATA[2697]]></wp:meta_value>
  </wp:postmeta>
</item>
<item>
  <title>shutterstock_1482493604702842191515539888.jpg</title>
  <link>https://arushhomeopathy.wordpress.com/shutterstock_1482493604702842191515539888/</link>
  <pubDate>Fri, 08 Jan 2021 19:31:47 +0000</pubDate>
  <dc:creator>iamsanketshubh</dc:creator>
  <guid isPermaLink="false">http://arushhomeopathy.files.wordpress.com/2021/01/shutterstock_1482493604702842191515539888.jpg</guid>
  <description/>
  <content:encoded><![CDATA[]]></content:encoded>
  <excerpt:encoded><![CDATA[]]></excerpt:encoded>
  <wp:post_id>52</wp:post_id>
  <wp:post_date>2021-01-08 19:31:47</wp:post_date>
  <wp:post_date_gmt>2021-01-08 19:31:47</wp:post_date_gmt>
  <wp:post_modified>2021-01-08 19:31:47</wp:post_modified>
  <wp:post_modified_gmt>2021-01-08 19:31:47</wp:post_modified_gmt>
  <wp:comment_status>open</wp:comment_status>
  <wp:ping_status>closed</wp:ping_status>
  <wp:post_name>shutterstock_1482493604702842191515539888</wp:post_name>
  <wp:status>inherit</wp:status>
  <wp:post_parent>0</wp:post_parent>
  <wp:menu_order>0</wp:menu_order>
  <wp:post_type>attachment</wp:post_type>
  <wp:post_password/>
  <wp:is_sticky>0</wp:is_sticky>
  <wp:attachment_url>https://arushhomeopathy.files.wordpress.com/2021/01/shutterstock_1482493604702842191515539888.jpg</wp:attachment_url>
</item>
<item>
  <title>cropped-shutterstock_14824936047529087995187924236.jpg</title>
  <link>https://arushhomeopathy.wordpress.com/cropped-shutterstock_14824936047529087995187924236-jpg/</link>
  <pubDate>Fri, 08 Jan 2021 19:36:19 +0000</pubDate>
  <dc:creator>iamsanketshubh</dc:creator>
  <guid isPermaLink="false">https://arushhomeopathy.files.wordpress.com/2021/01/cropped-shutterstock_14824936047529087995187924236.jpg</guid>
  <description/>
  <content:encoded><![CDATA[https://arushhomeopathy.files.wordpress.com/2021/01/cropped-shutterstock_14824936047529087995187924236.jpg]]></content:encoded>
  <excerpt:encoded><![CDATA[]]></excerpt:encoded>
  <wp:post_id>54</wp:post_id>
  <wp:post_date>2021-01-08 19:36:19</wp:post_date>
  <wp:post_date_gmt>2021-01-08 19:36:19</wp:post_date_gmt>
  <wp:post_modified>2021-01-08 19:36:19</wp:post_modified>
  <wp:post_modified_gmt>2021-01-08 19:36:19</wp:post_modified_gmt>
  <wp:comment_status>open</wp:comment_status>
  <wp:ping_status>closed</wp:ping_status>
  <wp:post_name>cropped-shutterstock_14824936047529087995187924236-jpg</wp:post_name>
  <wp:status>inherit</wp:status>
  <wp:post_parent>0</wp:post_parent>
  <wp:menu_order>0</wp:menu_order>
  <wp:post_type>attachment</wp:post_type>
  <wp:post_password/>
  <wp:is_sticky>0</wp:is_sticky>
  <wp:attachment_url>https://arushhomeopathy.files.wordpress.com/2021/01/cropped-shutterstock_14824936047529087995187924236.jpg</wp:attachment_url>
  <wp:postmeta>
    <wp:meta_key>_wp_attachment_context</wp:meta_key>
    <wp:meta_value><![CDATA[custom-logo]]></wp:meta_value>
  </wp:postmeta>
</item>
<item>
  <title>BOOK AN APPOINTMENT</title>
  <link>https://arushhomeopathy.wordpress.com/?page_id=71</link>
  <pubDate>Wed, 20 Oct 2021 04:42:39 +0000</pubDate>
  <dc:creator>iamsanketshubh</dc:creator>
  <guid isPermaLink="false">https://arushhomeopathy.wordpress.com/?page_id=71</guid>
  <description/>
  <content:encoded><![CDATA[<!-- wp:paragraph {"align":"left"} -->
<p class="has-text-align-left">BOOK AN APPOINTMENT</p>
<!-- /wp:paragraph -->]]></content:encoded>
  <excerpt:encoded><![CDATA[]]></excerpt:encoded>
  <wp:post_id>71</wp:post_id>
  <wp:post_date>2021-10-20 04:42:39</wp:post_date>
  <wp:post_date_gmt>2021-10-20 04:42:39</wp:post_date_gmt>
  <wp:post_modified>2021-10-20 04:42:39</wp:post_modified>
  <wp:post_modified_gmt>2021-10-20 04:42:39</wp:post_modified_gmt>
  <wp:comment_status>closed</wp:comment_status>
  <wp:ping_status>closed</wp:ping_status>
  <wp:post_name/>
  <wp:status>draft</wp:status>
  <wp:post_parent>0</wp:post_parent>
  <wp:menu_order>0</wp:menu_order>
  <wp:post_type>page</wp:post_type>
  <wp:post_password/>
  <wp:is_sticky>0</wp:is_sticky>
</item>
<item>
  <title>BOOK AN APPOINTMENT</title>
  <link>https://arushhomeopathy.wordpress.com/book-an-appointment/</link>
  <pubDate>Wed, 20 Oct 2021 04:49:19 +0000</pubDate>
  <dc:creator>iamsanketshubh</dc:creator>
  <guid isPermaLink="false">https://arushhomeopathy.wordpress.com/book-an-appointment/</guid>
  <description/>
  <content:encoded><![CDATA[<!-- wp:cover {"url":"https://arushhomeopathy.files.wordpress.com/2021/01/images-5.jpeg","id":26,"minHeight":100,"minHeightUnit":"vh","customGradient":"linear-gradient(0deg,rgb(143,2,143) 0%,rgb(64,7,110) 100%)","align":"full"} -->
<div class="wp-block-cover alignfull has-background-dim has-background-gradient" style="min-height:100vh;"><span aria-hidden="true" class="wp-block-cover__gradient-background" style="background:linear-gradient(0deg,rgb(143,2,143) 0%,rgb(64,7,110) 100%);"></span><img class="wp-block-cover__image-background wp-image-26" src="https://arushhomeopathy.files.wordpress.com/2021/01/images-5.jpeg" data-object-fit="cover" /><div class="wp-block-cover__inner-container"><!-- wp:paragraph {"align":"center","placeholder":"Write title…"} -->
<p class="has-text-align-center">Get in touch and BOOK AN APPOINTMENT </p>
<!-- /wp:paragraph -->

<!-- wp:heading {"textAlign":"center"} -->
<h2 class="has-text-align-center">Let’s make something new together </h2>
<!-- /wp:heading -->

<!-- wp:buttons {"contentJustification":"center"} -->
<div class="wp-block-buttons is-content-justification-center"><!-- wp:button {"style":{"color":{"background":"#000000","text":"#ffffff"},"border":{"radius":"50px"}}} -->
<div class="wp-block-button"><a class="wp-block-button__link has-text-color has-background" href="mailto:youremail.com" style="border-radius:50px;background-color:#000000;color:#ffffff;">Get in touch</a></div>
<!-- /wp:button --></div>
<!-- /wp:buttons --></div></div>
<!-- /wp:cover -->]]></content:encoded>
  <excerpt:encoded><![CDATA[]]></excerpt:encoded>
  <wp:post_id>72</wp:post_id>
  <wp:post_date>2021-10-20 04:49:19</wp:post_date>
  <wp:post_date_gmt>2021-10-20 04:49:19</wp:post_date_gmt>
  <wp:post_modified>2021-10-20 04:49:19</wp:post_modified>
  <wp:post_modified_gmt>2021-10-20 04:49:19</wp:post_modified_gmt>
  <wp:comment_status>closed</wp:comment_status>
  <wp:ping_status>closed</wp:ping_status>
  <wp:post_name>book-an-appointment</wp:post_name>
  <wp:status>publish</wp:status>
  <wp:post_parent>0</wp:post_parent>
  <wp:menu_order>0</wp:menu_order>
  <wp:post_type>page</wp:post_type>
  <wp:post_password/>
  <wp:is_sticky>0</wp:is_sticky>
  <wp:postmeta>
    <wp:meta_key>_publicize_pending</wp:meta_key>
    <wp:meta_value><![CDATA[1]]></wp:meta_value>
  </wp:postmeta>
  <wp:postmeta>
    <wp:meta_key>_rest_api_published</wp:meta_key>
    <wp:meta_value><![CDATA[1]]></wp:meta_value>
  </wp:postmeta>
  <wp:postmeta>
    <wp:meta_key>_rest_api_client_id</wp:meta_key>
    <wp:meta_value><![CDATA[11]]></wp:meta_value>
  </wp:postmeta>
</item>
<item>
  <title>img_2736</title>
  <link>https://arushhomeopathy.wordpress.com/blog-3/img_2736/</link>
  <pubDate>Wed, 20 Oct 2021 05:15:47 +0000</pubDate>
  <dc:creator>iamsanketshubh</dc:creator>
  <guid isPermaLink="false">http://arushhomeopathy.files.wordpress.com/2021/10/img_2736.jpg</guid>
  <description/>
  <content:encoded><![CDATA[]]></content:encoded>
  <excerpt:encoded><![CDATA[]]></excerpt:encoded>
  <wp:post_id>76</wp:post_id>
  <wp:post_date>2021-10-20 05:15:47</wp:post_date>
  <wp:post_date_gmt>2021-10-20 05:15:47</wp:post_date_gmt>
  <wp:post_modified>2021-10-20 05:16:50</wp:post_modified>
  <wp:post_modified_gmt>2021-10-20 05:16:50</wp:post_modified_gmt>
  <wp:comment_status>open</wp:comment_status>
  <wp:ping_status>closed</wp:ping_status>
  <wp:post_name>img_2736</wp:post_name>
  <wp:status>inherit</wp:status>
  <wp:post_parent>77</wp:post_parent>
  <wp:menu_order>0</wp:menu_order>
  <wp:post_type>attachment</wp:post_type>
  <wp:post_password/>
  <wp:is_sticky>0</wp:is_sticky>
  <wp:attachment_url>https://arushhomeopathy.files.wordpress.com/2021/10/img_2736.jpg</wp:attachment_url>
  <wp:postmeta>
    <wp:meta_key>_wp_attachment_image_alt</wp:meta_key>
    <wp:meta_value><![CDATA[]]></wp:meta_value>
  </wp:postmeta>
</item>
<item>
  <title>Blog</title>
  <link>https://arushhomeopathy.wordpress.com/blog-3/</link>
  <pubDate>Wed, 20 Oct 2021 05:05:29 +0000</pubDate>
  <dc:creator>iamsanketshubh</dc:creator>
  <guid isPermaLink="false">https://arushhomeopathy.wordpress.com/blog-3/</guid>
  <description/>
  <content:encoded><![CDATA[<!-- wp:image {"align":"full","id":27,"sizeSlug":"large","linkDestination":"none"} -->
<figure class="wp-block-image alignfull size-large"><img src="https://arushhomeopathy.files.wordpress.com/2021/01/images-3.jpeg?w=238" alt="" class="wp-image-27" /></figure>
<!-- /wp:image -->

<!-- wp:heading {"textAlign":"center","level":1} -->
<h1 class="has-text-align-center">Timeline</h1>
<!-- /wp:heading -->

<!-- wp:image {"id":76,"sizeSlug":"large"} -->
<figure class="wp-block-image size-large"><img src="https://arushhomeopathy.files.wordpress.com/2021/10/img_2736.jpg?w=720" alt="" class="wp-image-76" /><figcaption>This Dussehra, let the Goodness of Homeopathy win over the darkness of poor health  #aarushhomeopathy  #goodnessofhomeopathy #health #homeopathy #healingpeoplechanginglives</figcaption></figure>
<!-- /wp:image -->]]></content:encoded>
  <excerpt:encoded><![CDATA[]]></excerpt:encoded>
  <wp:post_id>77</wp:post_id>
  <wp:post_date>2021-10-20 05:05:29</wp:post_date>
  <wp:post_date_gmt>2021-10-20 05:05:29</wp:post_date_gmt>
  <wp:post_modified>2021-10-20 05:05:29</wp:post_modified>
  <wp:post_modified_gmt>2021-10-20 05:05:29</wp:post_modified_gmt>
  <wp:comment_status>closed</wp:comment_status>
  <wp:ping_status>closed</wp:ping_status>
  <wp:post_name>blog-3</wp:post_name>
  <wp:status>publish</wp:status>
  <wp:post_parent>0</wp:post_parent>
  <wp:menu_order>0</wp:menu_order>
  <wp:post_type>page</wp:post_type>
  <wp:post_password/>
  <wp:is_sticky>0</wp:is_sticky>
  <wp:postmeta>
    <wp:meta_key>_publicize_pending</wp:meta_key>
    <wp:meta_value><![CDATA[1]]></wp:meta_value>
  </wp:postmeta>
  <wp:postmeta>
    <wp:meta_key>_rest_api_published</wp:meta_key>
    <wp:meta_value><![CDATA[1]]></wp:meta_value>
  </wp:postmeta>
  <wp:postmeta>
    <wp:meta_key>_rest_api_client_id</wp:meta_key>
    <wp:meta_value><![CDATA[11]]></wp:meta_value>
  </wp:postmeta>
</item>
<item>
  <title>img_2736-1</title>
  <link>https://arushhomeopathy.wordpress.com/2021/10/20/80/img_2736-1/</link>
  <pubDate>Wed, 20 Oct 2021 05:17:42 +0000</pubDate>
  <dc:creator>iamsanketshubh</dc:creator>
  <guid isPermaLink="false">http://arushhomeopathy.files.wordpress.com/2021/10/img_2736-1.jpg</guid>
  <description/>
  <content:encoded><![CDATA[]]></content:encoded>
  <excerpt:encoded><![CDATA[]]></excerpt:encoded>
  <wp:post_id>79</wp:post_id>
  <wp:post_date>2021-10-20 05:17:42</wp:post_date>
  <wp:post_date_gmt>2021-10-20 05:17:42</wp:post_date_gmt>
  <wp:post_modified>2021-10-20 05:18:40</wp:post_modified>
  <wp:post_modified_gmt>2021-10-20 05:18:40</wp:post_modified_gmt>
  <wp:comment_status>open</wp:comment_status>
  <wp:ping_status>closed</wp:ping_status>
  <wp:post_name>img_2736-1</wp:post_name>
  <wp:status>inherit</wp:status>
  <wp:post_parent>80</wp:post_parent>
  <wp:menu_order>0</wp:menu_order>
  <wp:post_type>attachment</wp:post_type>
  <wp:post_password/>
  <wp:is_sticky>0</wp:is_sticky>
  <wp:attachment_url>https://arushhomeopathy.files.wordpress.com/2021/10/img_2736-1.jpg</wp:attachment_url>
  <wp:postmeta>
    <wp:meta_key>_wp_attachment_image_alt</wp:meta_key>
    <wp:meta_value><![CDATA[]]></wp:meta_value>
  </wp:postmeta>
</item>
<item>
  <title/>
  <link>https://arushhomeopathy.wordpress.com/2021/10/20/80/</link>
  <pubDate>Wed, 20 Oct 2021 05:18:35 +0000</pubDate>
  <dc:creator>iamsanketshubh</dc:creator>
  <guid isPermaLink="false">https://arushhomeopathy.wordpress.com/2021/10/20/80/</guid>
  <description/>
  <content:encoded><![CDATA[<!-- wp:image {"id":79,"sizeSlug":"large"} -->
<figure class="wp-block-image size-large"><img src="https://arushhomeopathy.files.wordpress.com/2021/10/img_2736-1.jpg?w=720" alt="" class="wp-image-79" /><figcaption>Let the Goodness of Homeopathy win over the darkness of poor health  #aarushhomeopathy  #goodnessofhomeopathy #health #homeopathy #healingpeoplechanginglives</figcaption></figure>
<!-- /wp:image -->]]></content:encoded>
  <excerpt:encoded><![CDATA[]]></excerpt:encoded>
  <wp:post_id>80</wp:post_id>
  <wp:post_date>2021-10-20 05:18:35</wp:post_date>
  <wp:post_date_gmt>2021-10-20 05:18:35</wp:post_date_gmt>
  <wp:post_modified>2021-10-20 05:18:35</wp:post_modified>
  <wp:post_modified_gmt>2021-10-20 05:18:35</wp:post_modified_gmt>
  <wp:comment_status>open</wp:comment_status>
  <wp:ping_status>closed</wp:ping_status>
  <wp:post_name>80</wp:post_name>
  <wp:status>publish</wp:status>
  <wp:post_parent>0</wp:post_parent>
  <wp:menu_order>0</wp:menu_order>
  <wp:post_type>post</wp:post_type>
  <wp:post_password/>
  <wp:is_sticky>0</wp:is_sticky>
  <category domain="category" nicename="uncategorized"><![CDATA[Uncategorized]]></category>
  <wp:postmeta>
    <wp:meta_key>_publicize_job_id</wp:meta_key>
    <wp:meta_value><![CDATA[64357040597]]></wp:meta_value>
  </wp:postmeta>
  <wp:postmeta>
    <wp:meta_key>timeline_notification</wp:meta_key>
    <wp:meta_value><![CDATA[1634707118]]></wp:meta_value>
  </wp:postmeta>
  <wp:postmeta>
    <wp:meta_key>_rest_api_published</wp:meta_key>
    <wp:meta_value><![CDATA[1]]></wp:meta_value>
  </wp:postmeta>
  <wp:postmeta>
    <wp:meta_key>_rest_api_client_id</wp:meta_key>
    <wp:meta_value><![CDATA[11]]></wp:meta_value>
  </wp:postmeta>
</item>
<item>
  <title>Our Treatment</title>
  <link>https://arushhomeopathy.wordpress.com/2021/10/20/our-treatment/</link>
  <pubDate>Wed, 20 Oct 2021 05:25:36 +0000</pubDate>
  <dc:creator>iamsanketshubh</dc:creator>
  <guid isPermaLink="false">https://arushhomeopathy.wordpress.com/2021/10/20/our-treatment/</guid>
  <description/>
  <content:encoded><![CDATA[<!-- wp:heading {"level":3} -->
<h3>100+ AILMENTS WE TREAT</h3>
<!-- /wp:heading -->

<!-- wp:image -->
<figure class="wp-block-image"><img src="https://www.drbatras.com/clinicapi/si/images/aliment/icon/HairLoss.jpg" alt="Hair Loss" /></figure>
<!-- /wp:image -->

<!-- wp:image -->
<figure class="wp-block-image"><img src="https://www.drbatras.com/clinicapi/si/images/aliment/icon/SkinDisorder.jpg" alt="Skin Disorders" /></figure>
<!-- /wp:image -->

<!-- wp:image -->
<figure class="wp-block-image"><img src="https://www.drbatras.com/clinicapi/si/images/aliment/icon/PCOS.jpg" alt="PCOS" /></figure>
<!-- /wp:image -->

<!-- wp:image -->
<figure class="wp-block-image"><img src="https://www.drbatras.com/clinicapi/si/images/aliment/icon/ChildHealth.jpg" alt="Child Health" /></figure>
<!-- /wp:image -->

<!-- wp:image -->
<figure class="wp-block-image"><img src="https://www.drbatras.com/clinicapi/si/images/aliment/icon/Allergies.jpg" alt="Allergy" /></figure>
<!-- /wp:image -->

<!-- wp:image -->
<figure class="wp-block-image"><img src="https://www.drbatras.com/clinicapi/si/images/aliment/icon/ThyroidDisorder.jpg" alt="Thyroid Disorder" /></figure>
<!-- /wp:image -->

<!-- wp:image -->
<figure class="wp-block-image"><img src="https://www.drbatras.com/clinicapi/si/images/aliment/icon/Depression.jpg" alt="Depression" /></figure>
<!-- /wp:image -->

<!-- wp:image -->
<figure class="wp-block-image"><img src="https://www.drbatras.com/clinicapi/si/images/aliment/icon/StressManagement.jpg" alt="Stress Management" /></figure>
<!-- /wp:image -->

<!-- wp:image -->
<figure class="wp-block-image"><img src="https://www.drbatras.com/clinicapi/si/images/aliment/icon/SexualHealth.jpg" alt="Sexual health" /></figure>
<!-- /wp:image -->

<!-- wp:image -->
<figure class="wp-block-image"><img src="https://www.drbatras.com/clinicapi/si/images/aliment/icon/WomensHealth.jpg" alt="Women`s health" /></figure>
<!-- /wp:image -->

<!-- wp:image -->
<figure class="wp-block-image"><img src="https://www.drbatras.com/clinicapi/si/images/aliment/icon/Obesity.jpg" alt="Obesity" /></figure>
<!-- /wp:image -->

<!-- wp:image -->
<figure class="wp-block-image"><img src="https://www.drbatras.com/clinicapi/si/images/aliment/icon/Other-Ailments.jpg" alt="Other Ailments" /></figure>
<!-- /wp:image -->

<!-- wp:list -->
<ul><li>Hair Loss</li><li>Skin Disorders</li><li>PCOS</li><li>Child Health</li><li>Allergy</li><li>Thyroid Disorder</li><li>Depression</li><li>Stress Management</li><li>Sexual health</li><li>Women`s health</li><li>Obesity</li><li></li></ul>
<!-- /wp:list -->]]></content:encoded>
  <excerpt:encoded><![CDATA[]]></excerpt:encoded>
  <wp:post_id>82</wp:post_id>
  <wp:post_date>2021-10-20 05:25:36</wp:post_date>
  <wp:post_date_gmt>2021-10-20 05:25:36</wp:post_date_gmt>
  <wp:post_modified>2021-10-20 05:25:36</wp:post_modified>
  <wp:post_modified_gmt>2021-10-20 05:25:36</wp:post_modified_gmt>
  <wp:comment_status>open</wp:comment_status>
  <wp:ping_status>closed</wp:ping_status>
  <wp:post_name>our-treatment</wp:post_name>
  <wp:status>publish</wp:status>
  <wp:post_parent>0</wp:post_parent>
  <wp:menu_order>0</wp:menu_order>
  <wp:post_type>post</wp:post_type>
  <wp:post_password/>
  <wp:is_sticky>0</wp:is_sticky>
  <category domain="category" nicename="uncategorized"><![CDATA[Uncategorized]]></category>
  <wp:postmeta>
    <wp:meta_key>_rest_api_published</wp:meta_key>
    <wp:meta_value><![CDATA[1]]></wp:meta_value>
  </wp:postmeta>
  <wp:postmeta>
    <wp:meta_key>_publicize_job_id</wp:meta_key>
    <wp:meta_value><![CDATA[64357207913]]></wp:meta_value>
  </wp:postmeta>
  <wp:postmeta>
    <wp:meta_key>timeline_notification</wp:meta_key>
    <wp:meta_value><![CDATA[1634707540]]></wp:meta_value>
  </wp:postmeta>
  <wp:postmeta>
    <wp:meta_key>_rest_api_client_id</wp:meta_key>
    <wp:meta_value><![CDATA[11]]></wp:meta_value>
  </wp:postmeta>
</item>
<item>
  <title/>
  <link>https://arushhomeopathy.wordpress.com/2021/10/20/83/</link>
  <pubDate>Wed, 20 Oct 2021 05:31:01 +0000</pubDate>
  <dc:creator>iamsanketshubh</dc:creator>
  <guid isPermaLink="false">https://arushhomeopathy.wordpress.com/?p=83</guid>
  <description/>
  <content:encoded><![CDATA[ ]]></content:encoded>
  <excerpt:encoded><![CDATA[]]></excerpt:encoded>
  <wp:post_id>83</wp:post_id>
  <wp:post_date>2021-10-20 05:31:01</wp:post_date>
  <wp:post_date_gmt>2021-10-20 05:31:01</wp:post_date_gmt>
  <wp:post_modified>2021-10-20 05:31:01</wp:post_modified>
  <wp:post_modified_gmt>2021-10-20 05:31:01</wp:post_modified_gmt>
  <wp:comment_status>closed</wp:comment_status>
  <wp:ping_status>closed</wp:ping_status>
  <wp:post_name>83</wp:post_name>
  <wp:status>publish</wp:status>
  <wp:post_parent>35</wp:post_parent>
  <wp:menu_order>1</wp:menu_order>
  <wp:post_type>nav_menu_item</wp:post_type>
  <wp:post_password/>
  <wp:is_sticky>0</wp:is_sticky>
  <category domain="nav_menu" nicename="menu-1"><![CDATA[Menu 1]]></category>
  <wp:postmeta>
    <wp:meta_key>_menu_item_content</wp:meta_key>
    <wp:meta_value><![CDATA[]]></wp:meta_value>
  </wp:postmeta>
  <wp:postmeta>
    <wp:meta_key>_menu_item_url</wp:meta_key>
    <wp:meta_value><![CDATA[]]></wp:meta_value>
  </wp:postmeta>
  <wp:postmeta>
    <wp:meta_key>_menu_item_xfn</wp:meta_key>
    <wp:meta_value><![CDATA[]]></wp:meta_value>
  </wp:postmeta>
  <wp:postmeta>
    <wp:meta_key>_menu_item_classes</wp:meta_key>
    <wp:meta_value><![CDATA[a:1:{i:0;s:0:"";}]]></wp:meta_value>
  </wp:postmeta>
  <wp:postmeta>
    <wp:meta_key>_menu_item_target</wp:meta_key>
    <wp:meta_value><![CDATA[]]></wp:meta_value>
  </wp:postmeta>
  <wp:postmeta>
    <wp:meta_key>_menu_item_object</wp:meta_key>
    <wp:meta_value><![CDATA[page]]></wp:meta_value>
  </wp:postmeta>
  <wp:postmeta>
    <wp:meta_key>_menu_item_object_id</wp:meta_key>
    <wp:meta_value><![CDATA[4]]></wp:meta_value>
  </wp:postmeta>
  <wp:postmeta>
    <wp:meta_key>_menu_item_menu_item_parent</wp:meta_key>
    <wp:meta_value><![CDATA[0]]></wp:meta_value>
  </wp:postmeta>
  <wp:postmeta>
    <wp:meta_key>_menu_item_type</wp:meta_key>
    <wp:meta_value><![CDATA[post_type]]></wp:meta_value>
  </wp:postmeta>
  <wp:postmeta>
    <wp:meta_key>_publicize_pending</wp:meta_key>
    <wp:meta_value><![CDATA[1]]></wp:meta_value>
  </wp:postmeta>
</item>
<item>
  <title/>
  <link>https://arushhomeopathy.wordpress.com/2021/10/20/84/</link>
  <pubDate>Wed, 20 Oct 2021 05:31:01 +0000</pubDate>
  <dc:creator>iamsanketshubh</dc:creator>
  <guid isPermaLink="false">https://arushhomeopathy.wordpress.com/?p=84</guid>
  <description/>
  <content:encoded><![CDATA[ ]]></content:encoded>
  <excerpt:encoded><![CDATA[]]></excerpt:encoded>
  <wp:post_id>84</wp:post_id>
  <wp:post_date>2021-10-20 05:31:01</wp:post_date>
  <wp:post_date_gmt>2021-10-20 05:31:01</wp:post_date_gmt>
  <wp:post_modified>2021-10-20 05:31:01</wp:post_modified>
  <wp:post_modified_gmt>2021-10-20 05:31:01</wp:post_modified_gmt>
  <wp:comment_status>closed</wp:comment_status>
  <wp:ping_status>closed</wp:ping_status>
  <wp:post_name>84</wp:post_name>
  <wp:status>publish</wp:status>
  <wp:post_parent>0</wp:post_parent>
  <wp:menu_order>2</wp:menu_order>
  <wp:post_type>nav_menu_item</wp:post_type>
  <wp:post_password/>
  <wp:is_sticky>0</wp:is_sticky>
  <category domain="nav_menu" nicename="menu-1"><![CDATA[Menu 1]]></category>
  <wp:postmeta>
    <wp:meta_key>_menu_item_content</wp:meta_key>
    <wp:meta_value><![CDATA[]]></wp:meta_value>
  </wp:postmeta>
  <wp:postmeta>
    <wp:meta_key>_menu_item_url</wp:meta_key>
    <wp:meta_value><![CDATA[]]></wp:meta_value>
  </wp:postmeta>
  <wp:postmeta>
    <wp:meta_key>_menu_item_xfn</wp:meta_key>
    <wp:meta_value><![CDATA[]]></wp:meta_value>
  </wp:postmeta>
  <wp:postmeta>
    <wp:meta_key>_menu_item_classes</wp:meta_key>
    <wp:meta_value><![CDATA[a:1:{i:0;s:0:"";}]]></wp:meta_value>
  </wp:postmeta>
  <wp:postmeta>
    <wp:meta_key>_menu_item_target</wp:meta_key>
    <wp:meta_value><![CDATA[]]></wp:meta_value>
  </wp:postmeta>
  <wp:postmeta>
    <wp:meta_key>_menu_item_object</wp:meta_key>
    <wp:meta_value><![CDATA[page]]></wp:meta_value>
  </wp:postmeta>
  <wp:postmeta>
    <wp:meta_key>_menu_item_menu_item_parent</wp:meta_key>
    <wp:meta_value><![CDATA[0]]></wp:meta_value>
  </wp:postmeta>
  <wp:postmeta>
    <wp:meta_key>_menu_item_object_id</wp:meta_key>
    <wp:meta_value><![CDATA[3]]></wp:meta_value>
  </wp:postmeta>
  <wp:postmeta>
    <wp:meta_key>_menu_item_type</wp:meta_key>
    <wp:meta_value><![CDATA[post_type]]></wp:meta_value>
  </wp:postmeta>
  <wp:postmeta>
    <wp:meta_key>_publicize_pending</wp:meta_key>
    <wp:meta_value><![CDATA[1]]></wp:meta_value>
  </wp:postmeta>
</item>
<item>
  <title/>
  <link>https://arushhomeopathy.wordpress.com/2021/10/20/85/</link>
  <pubDate>Wed, 20 Oct 2021 05:31:02 +0000</pubDate>
  <dc:creator>iamsanketshubh</dc:creator>
  <guid isPermaLink="false">https://arushhomeopathy.wordpress.com/?p=85</guid>
  <description/>
  <content:encoded><![CDATA[ ]]></content:encoded>
  <excerpt:encoded><![CDATA[]]></excerpt:encoded>
  <wp:post_id>85</wp:post_id>
  <wp:post_date>2021-10-20 05:31:02</wp:post_date>
  <wp:post_date_gmt>2021-10-20 05:31:02</wp:post_date_gmt>
  <wp:post_modified>2021-10-20 05:31:02</wp:post_modified>
  <wp:post_modified_gmt>2021-10-20 05:31:02</wp:post_modified_gmt>
  <wp:comment_status>closed</wp:comment_status>
  <wp:ping_status>closed</wp:ping_status>
  <wp:post_name>85</wp:post_name>
  <wp:status>publish</wp:status>
  <wp:post_parent>0</wp:post_parent>
  <wp:menu_order>3</wp:menu_order>
  <wp:post_type>nav_menu_item</wp:post_type>
  <wp:post_password/>
  <wp:is_sticky>0</wp:is_sticky>
  <category domain="nav_menu" nicename="menu-1"><![CDATA[Menu 1]]></category>
  <wp:postmeta>
    <wp:meta_key>_menu_item_content</wp:meta_key>
    <wp:meta_value><![CDATA[]]></wp:meta_value>
  </wp:postmeta>
  <wp:postmeta>
    <wp:meta_key>_menu_item_xfn</wp:meta_key>
    <wp:meta_value><![CDATA[]]></wp:meta_value>
  </wp:postmeta>
  <wp:postmeta>
    <wp:meta_key>_menu_item_classes</wp:meta_key>
    <wp:meta_value><![CDATA[a:1:{i:0;s:0:"";}]]></wp:meta_value>
  </wp:postmeta>
  <wp:postmeta>
    <wp:meta_key>_menu_item_target</wp:meta_key>
    <wp:meta_value><![CDATA[]]></wp:meta_value>
  </wp:postmeta>
  <wp:postmeta>
    <wp:meta_key>_menu_item_object</wp:meta_key>
    <wp:meta_value><![CDATA[page]]></wp:meta_value>
  </wp:postmeta>
  <wp:postmeta>
    <wp:meta_key>_menu_item_object_id</wp:meta_key>
    <wp:meta_value><![CDATA[2]]></wp:meta_value>
  </wp:postmeta>
  <wp:postmeta>
    <wp:meta_key>_menu_item_menu_item_parent</wp:meta_key>
    <wp:meta_value><![CDATA[0]]></wp:meta_value>
  </wp:postmeta>
  <wp:postmeta>
    <wp:meta_key>_menu_item_url</wp:meta_key>
    <wp:meta_value><![CDATA[]]></wp:meta_value>
  </wp:postmeta>
  <wp:postmeta>
    <wp:meta_key>_menu_item_type</wp:meta_key>
    <wp:meta_value><![CDATA[post_type]]></wp:meta_value>
  </wp:postmeta>
  <wp:postmeta>
    <wp:meta_key>_publicize_pending</wp:meta_key>
    <wp:meta_value><![CDATA[1]]></wp:meta_value>
  </wp:postmeta>
</item>
<item>
  <title/>
  <link>https://arushhomeopathy.wordpress.com/2021/10/20/86/</link>
  <pubDate>Wed, 20 Oct 2021 05:31:02 +0000</pubDate>
  <dc:creator>iamsanketshubh</dc:creator>
  <guid isPermaLink="false">https://arushhomeopathy.wordpress.com/?p=86</guid>
  <description/>
  <content:encoded><![CDATA[ ]]></content:encoded>
  <excerpt:encoded><![CDATA[]]></excerpt:encoded>
  <wp:post_id>86</wp:post_id>
  <wp:post_date>2021-10-20 05:31:02</wp:post_date>
  <wp:post_date_gmt>2021-10-20 05:31:02</wp:post_date_gmt>
  <wp:post_modified>2021-10-20 05:31:02</wp:post_modified>
  <wp:post_modified_gmt>2021-10-20 05:31:02</wp:post_modified_gmt>
  <wp:comment_status>closed</wp:comment_status>
  <wp:ping_status>closed</wp:ping_status>
  <wp:post_name>86</wp:post_name>
  <wp:status>publish</wp:status>
  <wp:post_parent>0</wp:post_parent>
  <wp:menu_order>4</wp:menu_order>
  <wp:post_type>nav_menu_item</wp:post_type>
  <wp:post_password/>
  <wp:is_sticky>0</wp:is_sticky>
  <category domain="nav_menu" nicename="menu-1"><![CDATA[Menu 1]]></category>
  <wp:postmeta>
    <wp:meta_key>_menu_item_content</wp:meta_key>
    <wp:meta_value><![CDATA[]]></wp:meta_value>
  </wp:postmeta>
  <wp:postmeta>
    <wp:meta_key>_menu_item_url</wp:meta_key>
    <wp:meta_value><![CDATA[]]></wp:meta_value>
  </wp:postmeta>
  <wp:postmeta>
    <wp:meta_key>_menu_item_classes</wp:meta_key>
    <wp:meta_value><![CDATA[a:1:{i:0;s:0:"";}]]></wp:meta_value>
  </wp:postmeta>
  <wp:postmeta>
    <wp:meta_key>_menu_item_target</wp:meta_key>
    <wp:meta_value><![CDATA[]]></wp:meta_value>
  </wp:postmeta>
  <wp:postmeta>
    <wp:meta_key>_menu_item_object</wp:meta_key>
    <wp:meta_value><![CDATA[page]]></wp:meta_value>
  </wp:postmeta>
  <wp:postmeta>
    <wp:meta_key>_menu_item_object_id</wp:meta_key>
    <wp:meta_value><![CDATA[72]]></wp:meta_value>
  </wp:postmeta>
  <wp:postmeta>
    <wp:meta_key>_menu_item_menu_item_parent</wp:meta_key>
    <wp:meta_value><![CDATA[0]]></wp:meta_value>
  </wp:postmeta>
  <wp:postmeta>
    <wp:meta_key>_menu_item_type</wp:meta_key>
    <wp:meta_value><![CDATA[post_type]]></wp:meta_value>
  </wp:postmeta>
  <wp:postmeta>
    <wp:meta_key>_menu_item_xfn</wp:meta_key>
    <wp:meta_value><![CDATA[]]></wp:meta_value>
  </wp:postmeta>
  <wp:postmeta>
    <wp:meta_key>_publicize_pending</wp:meta_key>
    <wp:meta_value><![CDATA[1]]></wp:meta_value>
  </wp:postmeta>
</item>
<item>
  <title/>
  <link>https://arushhomeopathy.wordpress.com/2021/10/20/87/</link>
  <pubDate>Wed, 20 Oct 2021 05:31:03 +0000</pubDate>
  <dc:creator>iamsanketshubh</dc:creator>
  <guid isPermaLink="false">https://arushhomeopathy.wordpress.com/?p=87</guid>
  <description/>
  <content:encoded><![CDATA[ ]]></content:encoded>
  <excerpt:encoded><![CDATA[]]></excerpt:encoded>
  <wp:post_id>87</wp:post_id>
  <wp:post_date>2021-10-20 05:31:03</wp:post_date>
  <wp:post_date_gmt>2021-10-20 05:31:03</wp:post_date_gmt>
  <wp:post_modified>2021-10-20 05:31:03</wp:post_modified>
  <wp:post_modified_gmt>2021-10-20 05:31:03</wp:post_modified_gmt>
  <wp:comment_status>closed</wp:comment_status>
  <wp:ping_status>closed</wp:ping_status>
  <wp:post_name>87</wp:post_name>
  <wp:status>publish</wp:status>
  <wp:post_parent>0</wp:post_parent>
  <wp:menu_order>5</wp:menu_order>
  <wp:post_type>nav_menu_item</wp:post_type>
  <wp:post_password/>
  <wp:is_sticky>0</wp:is_sticky>
  <category domain="nav_menu" nicename="menu-1"><![CDATA[Menu 1]]></category>
  <wp:postmeta>
    <wp:meta_key>_menu_item_classes</wp:meta_key>
    <wp:meta_value><![CDATA[a:1:{i:0;s:0:"";}]]></wp:meta_value>
  </wp:postmeta>
  <wp:postmeta>
    <wp:meta_key>_menu_item_target</wp:meta_key>
    <wp:meta_value><![CDATA[]]></wp:meta_value>
  </wp:postmeta>
  <wp:postmeta>
    <wp:meta_key>_menu_item_object</wp:meta_key>
    <wp:meta_value><![CDATA[page]]></wp:meta_value>
  </wp:postmeta>
  <wp:postmeta>
    <wp:meta_key>_menu_item_object_id</wp:meta_key>
    <wp:meta_value><![CDATA[77]]></wp:meta_value>
  </wp:postmeta>
  <wp:postmeta>
    <wp:meta_key>_menu_item_menu_item_parent</wp:meta_key>
    <wp:meta_value><![CDATA[0]]></wp:meta_value>
  </wp:postmeta>
  <wp:postmeta>
    <wp:meta_key>_menu_item_type</wp:meta_key>
    <wp:meta_value><![CDATA[post_type]]></wp:meta_value>
  </wp:postmeta>
  <wp:postmeta>
    <wp:meta_key>_menu_item_xfn</wp:meta_key>
    <wp:meta_value><![CDATA[]]></wp:meta_value>
  </wp:postmeta>
  <wp:postmeta>
    <wp:meta_key>_menu_item_url</wp:meta_key>
    <wp:meta_value><![CDATA[]]></wp:meta_value>
  </wp:postmeta>
  <wp:postmeta>
    <wp:meta_key>_menu_item_content</wp:meta_key>
    <wp:meta_value><![CDATA[]]></wp:meta_value>
  </wp:postmeta>
  <wp:postmeta>
    <wp:meta_key>_publicize_pending</wp:meta_key>
    <wp:meta_value><![CDATA[1]]></wp:meta_value>
  </wp:postmeta>
</item>
  </channel>
</rss>
